,name,address,phone,sido,gungu
0,1타타대우상용차신협,"전라북도 군산시 동장산로 172, (소룡동)",063-469-3116,전라북도,군산시
1,2타타대우상용차신협,"전라북도 군산시 동장산로 172, (소룡동)",063-469-3121,전라북도,군산시
2,419사거리점,"서울특별시 강북구 삼양로139길 8, (우이동)",02-902-9990,서울특별시,강북구
3,63빌딩점,"서울특별시 영등포구 63로 50,  하(여의도동) 1층",02-780-6538,서울특별시,영등포구
4,6공단1호점,인천광역시 남구 장고개로 48 믿음슈퍼,032-866-1112,인천광역시,남구
5,6공단2호점,인천광역시 남구 염전로 241,032-866-1112,인천광역시,남구
6,7번국도점,"경상북도 울진군 후포면 후포삼율로 260, (후포리)",054-787-6011,경상북도,울진군
7,88체육관점,"서울특별시 강서구 공항대로 376, 체육관 1체육관 內(화곡동) 88호",02-2697-5544,서울특별시,강서구
8,901개화역점,"서울특별시 강서구 개화동로8길 38, (개화동)",02-2656-0701,서울특별시,강서구
9,902김포공항점,"서울특별시 강서구 하늘길 77,  (방화동)",070-4256-0702,서울특별시,강서구
10,903공항시장역점,"서울특별시 강서구 방화동로 30,  (공항동) 지하층",02-2656-0703,서울특별시,강서구
11,904신방화역점,"서울특별시 강서구 방화대로 301,  (방화동) 지하층",02-2656-0704,서울특별시,강서구
12,905마곡나루역점,"서울특별시 강서구 마곡중앙5로 2,  (마곡동) 지하층",02-2656-0705,서울특별시,강서구
13,906양천향교역점,"서울특별시 강서구 양천로 341,  (가양동) 지하층",02-2656-0706,서울특별시,강서구
14,907가양역점,"서울특별시 강서구 양천로 485,  (가양동) 지하층",02-2656-0707,서울특별시,강서구
15,908증미역점,"서울특별시 강서구 양천로 560,  (등촌동) 지하층",02-2656-0708,서울특별시,강서구
16,909등촌역점,"서울특별시 강서구 공항대로 529,  (등촌동) 지하층",02-2656-0709,서울특별시,강서구
17,910염창역점,"서울특별시 강서구 공항대로 631,  (염창동) 지하층",02-2656-0710,서울특별시,강서구
18,911신목동역점,"서울특별시 양천구 목동중앙로 217,  (목동) 지하층",02-2656-0711,서울특별시,양천구
19,912선유도역점,"서울특별시 영등포구 양평로 124,  (양평동5가) 지하층",02-2656-0712,서울특별시,영등포구
20,913당산역점,"서울특별시 영등포구 양평로 40,  (당산동6가) 지하층",02-2656-0713,서울특별시,영등포구
21,914국회의사당역점,"서울특별시 영등포구 국회대로 758,  (여의도동) 지하층",02-2656-0714,서울특별시,영등포구
22,915여의도역점,"서울특별시 영등포구 의사당대로 101,  (여의도동) 지하층",02-2656-0715,서울특별시,영등포구
23,916샛강역점,"서울특별시 영등포구 의사당대로 166,  (여의도동) 지하층",02-2656-0716,서울특별시,영등포구
24,917노량진역점,"서울특별시 동작구 노량진로 130,  (노량진동) 지하층",02-2656-0717,서울특별시,동작구
25,918노들역점,"서울특별시 동작구 노량진로 238,  (본동) 지하층",02-2656-0718,서울특별시,동작구
26,919흑석역점,"서울특별시 동작구 현충로 90,  (흑석동) 지하층",02-2656-0719,서울특별시,동작구
27,920동작역점,"서울특별시 동작구 현충로 220,  (동작동) 지하층",02-2656-0720,서울특별시,동작구
28,921구반포역점,"서울특별시 서초구 신반포로 17,  (반포동) 지하층",02-2656-0721,서울특별시,서초구
29,922신반포역점,"서울특별시 서초구 신반포로 105,  (반포동) 지하층",02-2656-0722,서울특별시,서초구
30,923고속터미널역점,"서울특별시 서초구 신반포로 188,  (반포동) 지하층",02-2656-0723,서울특별시,서초구
31,924사평역점,"서울특별시 서초구 사평대로 285,  (반포동) 지하층",02-2656-0724,서울특별시,서초구
32,925신논현역점,"서울특별시 강남구 봉은사로 102,  (역삼동) 지하층",02-2656-0725,서울특별시,강남구
33,BGF곤지암포켓점,"
","
",,
34,BGF로지스용인점,"경기도 용인시 기흥구 이현로30번길 131-1, (보정동)",031-896-2153,경기도,용인시
35,BGF수지포켓점,경기도 용인시 수지구 손곡로 31 삼양식품물류센타 (동천동) 삼양식품물류센타,031--0000,경기도,용인시
36,BGF양주포켓점,"
","
",,
37,BGF푸드포켓점,"
","
",,
38,CK양평점,서울특별시 영등포구 영등포로3길 16,02-2676-5906,서울특별시,영등포구
39,E1대천에너지점, ,053-591-0550,,
40,EBS일산사옥점,"경기도 고양시 일산동구 한류월드로 281, (장항동)",02-526-2951,경기도,고양시
41,ES충주호리조트점,"충청북도 제천시 수산면 옥순봉로 1248, (능강리)",043-641-0118,충청북도,제천시
42,JJ가락점,"서울특별시 송파구 송이로27길 6,  (가락동)",02-448-5375,서울특별시,송파구
43,JJ올림픽점,"서울특별시 송파구 양재대로 1222, 방이동 (방이동)",02-401-2495,서울특별시,송파구
44,JW타워점,"
","
",,
45,KCC스위첸점,"
","
",,
46,KH덕소주유소점,"경기도 남양주시 와부읍 경강로 881, GS덕소주유소  (팔당리)",031-577-2916,경기도,남양주시
47,KH독립문주유소점,서울특별시 서대문구 통일로 384 독립문주유소,080-80-3663,서울특별시,서대문구
48,KORAIL연수원점,"강원도 양양군 강현면 동해대로 3457, (정암리)",033-820-7725,강원도,양양군
49,KTX강릉역점,강원도 강릉시 용지로 174 (교동),033-645-5555,강원도,강릉시
50,KTX광명점,"경기도 광명시 신기로17번길 3, 서원빌딩  (일직동)",02-899-2552,경기도,광명시
51,KT스마트메디타워점,"대구광역시 중구 동덕로 167,  (동인동2가) 1층",053-552-7988,대구광역시,중구
52,KT지식센터점,"서울특별시 영등포구 영신로 220, (영등포동8가) 1층 104호",070-4416-0927,서울특별시,영등포구
53,LG로점,"경기도 파주시 월롱면 엘지로 248, (덕은리)",031-948-5424,경기도,파주시
54,M강남역점,"서울특별시 강남구 테헤란로 101, 강남역구내상가 번호(역삼동)",02-556-5590,서울특별시,강남구
55,M건대입구역점,"서울특별시 광진구 아차산로 243, 구내상가 번호 04 선 건대입구역(화양동) 212동 2호",02-454-5558,서울특별시,광진구
56,M구의역점,"서울특별시 광진구 아차산로 384-1, 구내상가 번호 01 선 구의역(구의동)",02-457-5556,서울특별시,광진구
57,M대림역점,서울특별시 영등포구 대림로 지하 137 대림역,02-3414-3300,서울특별시,영등포구
58,M미아역점,"서울특별시 강북구 도봉로 200, 선미아역구내상가 번호 05(미아동)",02-945-5482,서울특별시,강북구
59,M신도림역점,"서울특별시 구로구 새말로 117-21, 구내상가 번호(신도림동)",02-830-1242,서울특별시,구로구
60,M신촌역점,"서울특별시 마포구 신촌로 90, 구내상가 번호(노고산동)",02-332-3109,서울특별시,마포구
61,M양재역점,"서울특별시 서초구 남부순환로 2585, 선양재역구내상가 번호08(서초동)",02-2247-8564,서울특별시,서초구
62,M역삼역점,"서울특별시 강남구 테헤란로 156, 구내상가 번호  역삼역(역삼동)",0,서울특별시,강남구
63,M잠실롯데타워점,서울특별시 송파구 올림픽로 305 잠실역8호선,02-423-4459,서울특별시,송파구
64,M잠실역점,"서울특별시 송파구 올림픽로 265, 서울메트로 2호선 잠실역(잠실동) 지하층 216동 02호",02-423-0625,서울특별시,송파구
65,M종합운동장역점,"서울특별시 송파구 올림픽로 23, 서울메트로 2호선(잠실동) 지하층 218동 02호",02-424-0625,서울특별시,송파구
66,M홍제역점,"서울특별시 서대문구 통일로 440-1, 선홍제역 지하(홍제동)",02-395-5580,서울특별시,서대문구
67,NHN내츄럴스토어점,"경기도 성남시 분당구 불정로 6, 엔에치엔주식회사  주식회사(정자동)",031-712-8714,경기도,성남시
68,SBS목동신사옥점,"서울특별시 양천구 목동서로 161, S방송센터  SB 내(목동)",02-2652-9890,서울특별시,양천구
69,SK21세기주유소점,"서울특별시 동작구 시흥대로 616, (신대방동)",02-832-7926,서울특별시,동작구
70,SK4공단주유소점,"대전광역시 대덕구 대덕대로 1412, SK4공단  주유소(신일동)",042-935-6051,대전광역시,대덕구
71,SKKOREA주유소점,"서울특별시 양천구 신목로7길 1, (신정동)",02-2646-6121,서울특별시,양천구
72,SK가산IC주유소점,"경상북도 칠곡군 가산면 송신로 113, (천평리)",054-976-6051,경상북도,칠곡군
73,SK가양주유소점,"서울특별시 강서구 강서로 498, (가양동)",02-3664-6051,서울특별시,강서구
74,SK강매주유소점,"
","
",,
75,SK강변주유소점,"부산광역시 사상구 낙동대로 1274, SK주유소  (삼락동)",051-301-3441,부산광역시,사상구
76,SK강화경기주유소점,"인천광역시 강화군 선원면 중앙로 233, (창리)",032-933-5060,인천광역시,강화군
77,SK개나리주유소점,"강원도 춘천시 퇴계로 231, (석사동)",033-264-0370,강원도,춘천시
78,SK경기주유소점,"경기도 평택시 송탄로 81, (장당동)",031-665-4253,경기도,평택시
79,SK경산주유소점,"경상북도 경산시 진량읍 대학로 1021, (신상리)",053-853-6051,경상북도,경산시
80,SK경원주유소점,"경기도 평택시 경기대로 1602, (독곡동)",031-668-5185,경기도,평택시
81,SK고속세차주유소점,"경기도 수원시 영통구 중부대로 384, 수원고속주유소  (매탄동) 1층",031-214-6644,경기도,수원시
82,SK고속주유소점,"경기도 용인시 수지구 포은대로 95, (상현동)",031-261-1374,경기도,용인시
83,SK고잔주유소점,"경기도 안산시 단원구 적금로 114, (고잔동)",031-413-8076,경기도,안산시
84,SK공단1주유소점,"인천광역시 남동구 남동대로 357, (남촌동)",032-812-4162,인천광역시,남동구
85,SK공단2주유소점,"인천광역시 남동구 앵고개로 463, (고잔동)",032-817-8781,인천광역시,남동구
86,SK광교충전소점,"경기도 수원시 영통구 광교호수로 101, (하동)",031-216-7149,경기도,수원시
87,SK광덕주유소점,"서울특별시 성북구 보문로 89, (보문동5가) 1층",02-923-5545,서울특별시,성북구
88,SK광명삼성주유소점,"경기도 광명시 범안로 925, (하안동)",02-898-4454,경기도,광명시
89,SK광주OK주유소점,"광주광역시 북구 하남대로 691, SK광주OK주유소  (동림동)",062-511-5106,광주광역시,북구
90,SK괴정주유소점,"부산광역시 사하구 사하로 129, (괴정동)",051-206-7446,부산광역시,사하구
91,SK구성신도시주유소점,"경기도 용인시 기흥구 용구대로 2381, (마북동)",031-287-0151,경기도,용인시
92,SK군자주유소점,"경기도 시흥시 도일로 146, (거모동)",031-495-5184,경기도,시흥시
93,SK극동주유소점,"경상남도 창원시 마산회원구 삼호로 258, (석전동)",055-255-5079,경상남도,창원시
94,SK기흥톨게이트주유소,"경기도 용인시 기흥구 삼성2로 34, (농서동)",031-285-8733,경기도,용인시
95,SK길동고속주유소점,"서울특별시 강동구 천호대로 1084, (성내동)",02-472-1996,서울특별시,강동구
96,SK김포주유소점,"경기도 김포시 김포대로 970, (북변동)",031-982-5488,경기도,김포시
97,SK남대구IC주유소점,"대구광역시 달서구 성서공단로 372, (월성동)",053-582-5361,대구광역시,달서구
98,SK남부셀프주유소점,"서울특별시 양천구 남부순환로 553, 남부셀프주유소  (신월동)",02-2690-5001,서울특별시,양천구
99,SK남촌주유소점,"경기도 오산시 청학로 4, (가수동)",031-375-6300,경기도,오산시
100,SK노원역주유소점,"서울특별시 노원구 노해로75길 20-25, (상계동)",02-930-5103,서울특별시,노원구
101,SK노은주유소점,"대전광역시 유성구 노은동로 79, (노은동)",042-477-5182,대전광역시,유성구
102,SK논현제일주유소점,"인천광역시 남동구 청능대로 460, (고잔동)",032-437-5185,인천광역시,남동구
103,SK대구합천주유소점,"대구광역시 서구 염색공단천로 78, (비산동)",053-356-1010,대구광역시,서구
104,SK대명주유소점,"서울특별시 광진구 광나루로 460, (화양동)",02-2201-4392,서울특별시,광진구
105,SK대성주유소점,"충청남도 아산시 온천대로 1660, SK대성주유소  (풍기동)",041-546-5992,충청남도,아산시
106,SK대양충전소점,"울산광역시 북구 산업로 1454, (신천동)",052-298-3114,울산광역시,북구
107,SK대우셀프주유소점,서울특별시 서초구 양재대로 173 톨게이트주유소,02-572-0567,서울특별시,서초구
108,SK대자셀프주유소점,"
","
",,
109,SK대전OK주유소점,"대전광역시 대덕구 대전로 1312, SK대전OK주유소  (읍내동)",042-633-8757,대전광역시,대덕구
110,SK대전청사주유소점,"대전광역시 서구 대덕대로 188, SK대전청사  주유소(둔산동)",042-486-6222,대전광역시,서구
111,SK대호주유소점,"경기도 수원시 영통구 창룡대로 442, (이의동)",031-243-6022,경기도,수원시
112,SK덕양제2주유소점,경기도 고양시 일산서구 경의로 940,031-924-5192,경기도,고양시
113,SK도움아주주유소점,"경상남도 거제시 거제대로 3417, (아주동)",055-681-5141,경상남도,거제시
114,SK동광주유소점,"울산광역시 북구 안기번득길 21, (화봉동)",052-287-3626,울산광역시,북구
115,SK동남주유소점,"대전광역시 대덕구 신탄진로 470, SK동남주유소  (상서동)",042-931-0050,대전광역시,대덕구
116,SK동양주유소점,경기도 안산시 단원구 중앙대로 351,031-494-3399,경기도,안산시
117,SK동탄셀프주유소점,"경기도 화성시 여울로3길 21, (능동)",031-613-5169,경기도,화성시
118,SK둔전주유소점,"경기도 용인시 처인구 포곡읍 포곡로 177, (둔전리)",031-332-0049,경기도,용인시
119,SK맘모스주유소점,"충청남도 천안시 동남구 만남로 126, (신부동)",041-563-7001,충청남도,천안시
120,SK매일주유소점,"서울특별시 강북구 삼양로 217, (미아동)",02-988-1288,서울특별시,강북구
121,SK목감주유소점,"경기도 시흥시 수인로 2335, (목감동)",031-403-8051,경기도,시흥시
122,SK무궁화주유소점,"경상남도 김해시 내외중앙로 56, (내동)",055-337-1188,경상남도,김해시
123,SK민락주유소점,"경기도 의정부시 충의로 91, (용현동)",031-853-3133,경기도,의정부시
124,SK반월공단주유소점,"경기도 안산시 단원구 시우로 46, (초지동)",031-493-5182,경기도,안산시
125,SK반월주유소점,"경기도 안산시 상록구 수인로 1226, (일동)",031-406-5991,경기도,안산시
126,SK반포주유소점,"서울특별시 서초구 사평대로 12, (방배동)",02-599-5189,서울특별시,서초구
127,SK백제고분로주유소점,"서울특별시 송파구 오금로 143, (방이동)",02-2202-4050,서울특별시,송파구
128,SK봉담톨게이트주유,"경기도 화성시 봉담읍 삼천병마로 1346, (동화리)",031-298-5100,경기도,화성시
129,SK부천주유소점,"경기도 부천시 원미구 신흥로 281, (중동)",032-678-5184,경기도,부천시
130,SK부평주유소점,"인천광역시 부평구 원적로 417, (산곡동)",032-524-5151,인천광역시,부평구
131,SK북수원주유소점,"경기도 수원시 장안구 서부로 2201, (율전동)",031-207-5189,경기도,수원시
132,SK사과나무주유소점,"경기도 양주시 부흥로 1881, (광사동)",031-842-5157,경기도,양주시
133,SK사우디제7주유소점,"경기도 고양시 일산동구 백마로 37, (장항동)",031-902-1155,경기도,고양시
134,SK삼성제일주유소점,"대구광역시 달서구 달구벌대로 1154, (신당동)",053-585-6051,대구광역시,달서구
135,SK삼성주유소점,"경기도 화성시 효행로 1279, (반월동)",031-225-6974,경기도,화성시
136,SK삼일주유소점,"경기도 고양시 덕양구 지도로 15, (토당동)",031-979-0314,경기도,고양시
137,SK삼척IC점,"강원도 삼척시 오십천로 101, (등봉동)",033-575-5151,강원도,삼척시
138,SK상동주유소점,"경기도 부천시 원미구 송내대로 369, (상동)",032-322-5182,경기도,부천시
139,SK새관양주유소점,"경기도 수원시 장안구 경수대로 795, 삼양빌딩  (영화동)",031-423-6942,경기도,수원시
140,SK새한주유소점,"서울특별시 강북구 도봉로 75, (미아동)",02-985-4381,서울특별시,강북구
141,SK새화랑주유소점,"경상북도 경주시 초당길 103, (동천동)",054-741-0051,경상북도,경주시
142,SK서린사옥점,"서울특별시 종로구 종로 26, SK빌딩  지하(서린동)",02-723-3094,서울특별시,종로구
143,SK서부주유소점,"서울특별시 서대문구 성산로 255, (연희동)",02-338-9043,서울특별시,서대문구
144,SK서울주유소점,"서울특별시 관악구 신림로 183, (신림동)",02,서울특별시,관악구
145,SK석수동주유소점,"경기도 수원시 장안구 경수대로 795, 삼양빌딩  (영화동)",031-473-6018,경기도,수원시
146,SK세지주유소점,"경기도 시흥시 서해안로 120, (정왕동)",031-365-5090,경기도,시흥시
147,SK셀프스토리주유소,"대전광역시 동구 동서대로 1627, (홍도동)",042-637-8838,대전광역시,동구
148,SK속초주유소점,"강원도 속초시 동해대로 3834, (대포동)",033-635-9705,강원도,속초시
149,SK솔빛나루주유소점,경기도 화성시 10용사로 650 동탄신도시주유소,031-613-5194,경기도,화성시
150,SK송도역주유소점,인천광역시 연수구 비류대로 199,032-835-5011,인천광역시,연수구
151,SK송탄내트럭주유소점,"경기도 평택시 청원로 1640, (도일동)",031-611-6051,경기도,평택시
152,SK수암주유소점,"경기도 안산시 상록구 원당골1길 23-14, (수암동)",031-482-8118,경기도,안산시
153,SK수원덕원주유소점,"경기도 수원시 권선구 권선로 258, (고색동)",031-278-7381,경기도,수원시
154,SK시화산업주유소점,"경기도 시흥시 공단1대로 195, (정왕동)",031-498-2167,경기도,시흥시
155,SK시흥2공단주유소점,"경기도 시흥시 경제로 117, (정왕동)",031-498-4316,경기도,시흥시
156,SK시흥파워디젤주유소,경기도 시흥시 옥구공원로 75 SK파워디젤주유소,031-433-5189,경기도,시흥시
157,SK신공항주유소점,"인천광역시 중구 신도시남로141번길 6, (운서동)",032-752-1588,인천광역시,중구
158,SK신도시주유소점,"경기도 안산시 상록구 예술광장1로 18, (월피동)",031-480-7227,경기도,안산시
159,SK신봉천주유소점,"서울특별시 관악구 남부순환로 1880, (봉천동)",02-885-5913,서울특별시,관악구
160,SK신세계주유소점,"대구광역시 달서구 이곡공원로 28, (이곡동)",053-588-5145,대구광역시,달서구
161,SK신안주유소점,"경기도 용인시 기흥구 중부대로 234, (영덕동)",031-283-6015,경기도,용인시
162,SK안산공원주유소점,"경기도 안산시 단원구 광덕1로 268, (고잔동)",031-413-5051,경기도,안산시
163,SK안평주유소점,"경기도 안성시 공도읍 서동대로 3986, (진사리)",031-655-2603,경기도,안성시
164,SK암사주유소점,"서울특별시 강동구 올림픽로 749, (암사동)",02-3427-2043,서울특별시,강동구
165,SK양곡오일씨티점,"
","
",,
166,SK양산주유소점,"광주광역시 북구 하서로 255, SK양산주유소  (양산동)",062-571-5189,광주광역시,북구
167,SK양천OK주유소점,"서울특별시 양천구 안양천로 1179, (목동)",02-2653-5189,서울특별시,양천구
168,SK양평동충전소점,"서울특별시 영등포구 선유로 157, (양평동3가)",02-2636-2650,서울특별시,영등포구
169,SK여주교리주유소점,"경기도 여주시 세종로 315, (교동)",031-885-3990,경기도,여주시
170,SK영종주유소점,"인천광역시 중구 운중로 218, (중산동)",032-746-1478,인천광역시,중구
171,SK영종행복주유소점,인천광역시 중구 자연대로 55,032-746-5189,인천광역시,중구
172,SK오미산주유소점,"경기도 고양시 일산동구 성현로 7, (성석동)",031-975-5197,경기도,고양시
173,SK오산세교주유소점,"경기도 오산시 경기대로 876, (세교동)",031-372-5151,경기도,오산시
174,SK오창만남의광장점,"충청북도 청주시 청원구 오창읍 오창대로 415, (각리)",043-211-0883,충청북도,청주시
175,SK오창태양점,"충청북도 청주시 청원구 오창읍 중부로 1559, (화산리)",043-217-9347,충청북도,청주시
176,SK오천주유소점,"서울특별시 강남구 봉은사로 503, (삼성동)",02-545-2822,서울특별시,강남구
177,SK올림픽주유소점,"서울특별시 송파구 위례성대로 188, (오금동)",02-448-9804,서울특별시,송파구
178,SK용인주유소점,"경기도 용인시 기흥구 중부대로 199, (영덕동)",031-283-1496,경기도,용인시
179,SK우영주유소점,"경기도 화성시 효행로 767, (안녕동)",031-234-5715,경기도,화성시
180,SK울산월드컵주유소점,"울산광역시 남구 문수로 93, (무거동)",052-223-5145,울산광역시,남구
181,SK원동주유소점,"경기도 오산시 남부대로 354, (원동)",031-374-1042,경기도,오산시
182,SK원일주유소점,"경기도 고양시 일산동구 고양대로 1071, (식사동)",031-962-2211,경기도,고양시
183,SK월드컵주유소점,"경기도 수원시 영통구 광교로 66, SK월드컵주유소  (이의동)",031-214-5189,경기도,수원시
184,SK유화주유소점,"인천광역시 계양구 아나지로 240, (효성동)",032-553-5189,인천광역시,계양구
185,SK의정부엔크린점,"경기도 의정부시 경의로 20, (의정부동)",031-877-5477,경기도,의정부시
186,SK이노베이션점,"대전광역시 유성구 엑스포로 325, (원촌동) (주)SK대덕기술원",010-5102-7708,대전광역시,유성구
187,SK이매동주유소점,"
","
",,
188,SK익산무궁화주유소,"전라북도 익산시 선화로 120, SK익산무궁화주유소  (모현동1가)",063-842-1116,전라북도,익산시
189,SK인천대교주유소점,"인천광역시 연수구 아암대로 815, (동춘동)",032-833-7020,인천광역시,연수구
190,SK인천장미주유소점,인천광역시 남구 인주대로 394 SK네트웍스(주)장미주유소,032-422-6152,인천광역시,남구
191,SK인천행복날개주유소,인천광역시 계양구 계양대로 93,032-542-9601,인천광역시,계양구
192,SK잠홍주유소점,"충청남도 서산시 서해로 3602, SK잠홍주유소  (잠홍동)",041-663-5156,충청남도,서산시
193,SK장삼주유소점,"서울특별시 성북구 화랑로 293, (장위동)",02-909-0314,서울특별시,성북구
194,SK장안주유소점,"경기도 수원시 장안구 경수대로 791, (영화동)",031-243-9013,경기도,수원시
195,SK제천주유소점,"충청북도 제천시 의림대로 226, 제천장락  (청전동)",043-642-8855,충청북도,제천시
196,SK중동대로주유소점,"경기도 부천시 원미구 평천로 639, (약대동)",032-326-5188,경기도,부천시
197,SK중랑교주유소점,"서울특별시 중랑구 망우로 247, (중화동) 22호",02-493-0115,서울특별시,중랑구
198,SK중앙셀프주유소점,"대구광역시 북구 동북로 315, (복현동)",053-953-6000,대구광역시,북구
199,SK중앙주유소점,"경기도 안산시 단원구 화정로 96, (와동)",031-486-7547,경기도,안산시
200,SK진주주유소점,"경상남도 진주시 진양호로 230, (평거동)",055-746-6051,경상남도,진주시
201,SK처용로주유소점,"울산광역시 남구 처용로 92, (선암동)",052-227-4233,울산광역시,남구
202,SK천천주유소점,"경기도 수원시 장안구 덕영대로 557, (천천동)",031-269-5151,경기도,수원시
203,SK청주용담골든벨주유,"충청북도 청주시 상당구 산성로 183, (용담동)",043-287-5149,충청북도,청주시
204,SK춘천장미주유소점,강원도 춘천시 영서로 2241,033-255-9285,강원도,춘천시
205,SK코끼리주유소점,"전라북도 전주시 완산구 거마평로 47, (삼천동1가)",063-222-8086,전라북도,전주시
206,SK클린파워주유소점,"경기도 용인시 수지구 수지로 137, (성복동)",031-272-6051,경기도,용인시
207,SK토평주유소점,"경기도 구리시 벌말로 136, (토평동)",031-565-8919,경기도,구리시
208,SK톨게이트주유소점,"경기도 용인시 처인구 백옥대로 1410, (유방동)",031-322-6051,경기도,용인시
209,SK팔곡주유소점,"경기도 안산시 상록구 해안로 1295, (팔곡이동)",031-437-7794,경기도,안산시
210,SK평촌사랑주유소점,"경기도 안양시 동안구 시민대로 372, (관양동)",031-421-5577,경기도,안양시
211,SK평촌신도시주유소점,"경기도 안양시 동안구 시민대로 301, (관양동)",031-385-4951,경기도,안양시
212,SK평택중리주유소점,"경기도 평택시 오성면 서동대로 2067, (죽리)",031-681-8058,경기도,평택시
213,SK평택항주유소점,"경기도 평택시 포승읍 포승공단로 240, (도곡리)",031-682-6003,경기도,평택시
214,SK포천대로주유소점,"경기도 포천시 소흘읍 호국로 303, (이동교리)",031-544-9090,경기도,포천시
215,SK포항셀프주유소점,경상북도 포항시 남구 새천년대로 410 SK주유소,054-274-1988,경상북도,포항시
216,SK풍덕천주유소점,"경기도 용인시 수지구 포은대로 402, (풍덕천동)",031-265-8251,경기도,용인시
217,SK프리미엄주유소점,"경기도 화성시 삼성1로 231, (석우동)",031-8003-5339,경기도,화성시
218,SK하남제일주유소점,"광주광역시 광산구 사암로 754, SK하남제일주유소  (도천동)",062-954-0522,광주광역시,광산구
219,SK하이웨이주유소점,"경상북도 구미시 낙동강변로 29, (오태동)",054-464-2400,경상북도,구미시
220,SK한영주유소점,"인천광역시 서구 서곶로 715, (백석동)",032-562-6171,인천광역시,서구
221,SK합정주유소점,"서울특별시 마포구 양화로 13, (합정동)",02-336-3276,서울특별시,마포구
222,SK해바라기주유소점,"서울특별시 강서구 화곡로 273, (화곡동)",02-2695-4544,서울특별시,강서구
223,SK행복날개주유소점,"광주광역시 서구 운천로 206, SK행복날개주유소  (치평동)",062-383-4007,광주광역시,서구
224,SK화성서해안주유소점,"경기도 화성시 비봉면 비봉로 477, 서해안주유소  (삼화리)",031-357-7006,경기도,화성시
225,SK화정주유소점,경기도 고양시 덕양구 호국로 430,031-978-0048,경기도,고양시
226,SK황제주유소점,"대전광역시 유성구 대덕대로 934, SK주유소  (화암동)",042-861-5558,대전광역시,유성구
227,SK흥국주유소점,"서울특별시 용산구 한남대로 204, (한남동)",02-795-0802,서울특별시,용산구
228,catholic store 2호점,"경기도 부천시 원미구 지봉로 43, 가톨릭대학교  소피아바라관(역곡동)",032-345-9081,경기도,부천시
229,kcc일반산업단지점, ,010-3005-9185,,
230,가곡중앙점,"경기도 남양주시 화도읍 비룡로 337, (가곡리)",031-559-8714,경기도,남양주시
231,가남현진점,"경기도 여주시 가남읍 경충대로 1468, (신해리)",031-881-0987,경기도,여주시
232,가능공원점,"경기도 의정부시 가능로 15, (가능동)",031-875-0571,경기도,의정부시
233,가능빌리지점,경기도 의정부시 의정로198번길 29,031-836-8777,경기도,의정부시
234,가능제일점,"경기도 의정부시 가능로97번길 17, (가능동)",031-874-7192,경기도,의정부시
235,가능타운점,경기도 의정부시 직곡로7번길 43,031-855-6061,경기도,의정부시
236,가락극동점,"서울특별시 송파구 동남로18길 14, (가락동)",02-424-8808,서울특별시,송파구
237,가락대림점,"서울특별시 송파구 중대로9길 56, 소담빌딩  (가락동)",02-402-8950,서울특별시,송파구
238,가락동부점,"서울특별시 송파구 송이로14길 24, (가락동, 그랜드)",02-402-7822,서울특별시,송파구
239,가락벤처점,"서울특별시 송파구 중대로 135, 아이티벤처타워  동관(가락동)",02-404-5201,서울특별시,송파구
240,가락본점,서울특별시 송파구 송파대로28길 16 주)프로모터스송파자동차,02-403-3641,서울특별시,송파구
241,가락센타점,"서울특별시 송파구 중대로16길 6, (가락동)",02-406-1850,서울특별시,송파구
242,가락시영점,"서울특별시 송파구 가락로 74, (석촌동)",02-425-3482,서울특별시,송파구
243,가락오벨리스크점,"서울특별시 송파구 중대로 127,  (가락동, 한화오벨리스크)",02-2043-7061,서울특별시,송파구
244,가락중대로점,"서울특별시 송파구 중대로9길 30, (가락동)",02-402-1316,서울특별시,송파구
245,가락코리아점,"서울특별시 송파구 중대로10길 37-25, (가락동)",070-8874-5634,서울특별시,송파구
246,가락프라자점,"서울특별시 송파구 동남로18길 43,  (가락동) 1층",02-408-3055,서울특별시,송파구
247,가산ENC7점,"서울특별시 금천구 디지털로9길 46, 이엔씨드림타워7차아파트 (가산동) 104호",02-6330-4777,서울특별시,금천구
248,가산W-MALL점,"서울특별시 금천구 디지털로 188, W몰  (가산동)",02-2081-0931,서울특별시,금천구
249,가산대륭3차점,"서울특별시 금천구 가산디지털2로 115,  하(가산동) 1층",02-2108-5508,서울특별시,금천구
250,가산대륭점,"서울특별시 금천구 디지털로9길 68, 대륭포스타워5차아파트 (가산동) 114호",02-568-8899,서울특별시,금천구
251,가산두산점,"서울특별시 금천구 가산로5길 46, (가산동)",02-858-9366,서울특별시,금천구
252,가산디지털단지역점,"서울특별시 금천구 가산디지털1로 186, (가산동) 제이플라츠",02-2028-5555,서울특별시,금천구
253,가산디지털점,"서울특별시 금천구 가산로 157, (가산동)",02-863-3665,서울특별시,금천구
254,가산디폴리스점,"서울특별시 금천구 서부샛길 606, 대성 디폴리스 1층 B동 114호",02-861-8885,서울특별시,금천구
255,가산벚꽃로점,서울특별시 금천구 벚꽃로 312-1 (가산동),02-528-7175,서울특별시,금천구
256,가산본점,"경기도 포천시 가산면 가산로 125,  (방축리) 1층",031-542-3303,경기도,포천시
257,가산성지점,"서울특별시 금천구 가산로 120, (가산동)",02-867-2177,서울특별시,금천구
258,가산세일점,"서울특별시 금천구 시흥대로149길 60, (가산동)",02-837-5738,서울특별시,금천구
259,가산승일점,"서울특별시 금천구 가산디지털2로 136, 승일벤쳐타워  가산동(가산동) 1층",02-866-7398,서울특별시,금천구
260,가산에스케이점,"서울특별시 금천구 가산디지털1로 119, 에스케이트윈테크타워 비동(가산동) 102호",070-4156-2481,서울특별시,금천구
261,가산원룸점,"서울특별시 금천구 시흥대로153길 42, (가산동)",02-856-1108,서울특별시,금천구
262,가산이엔씨8차점,"서울특별시 금천구 가산디지털1로 45, (가산동)",02-6340-6888,서울특별시,금천구
263,가산조이점,"서울특별시 금천구 가산로7길 12, (가산동) 예림감리교회",02-3008-6283,서울특별시,금천구
264,가산하이엔드7차점,"서울특별시 금천구 가산디지털2로 67, 이스하이엔드타워7차아파트 -(가산동) 102호",070-8847-5287,서울특별시,금천구
265,가산현대아울렛점,"
","
",,
266,가수원형준사랑점,대전광역시 서구 도안동로11번길 32 금성빌딩 (가수원동) 금성빌딩,042-541-1911,대전광역시,서구
267,가야그린점,부산광역시 부산진구 냉정로 262,051-891-3067,부산광역시,부산진구
268,가야동의점,"부산광역시 부산진구 가야대로 594, (가야동)",051-895-0840,부산광역시,부산진구
269,가야아라점,"경상남도 함안군 가야읍 가야로 38, 아라빌딩 101(말산리)",055-583-0608,경상남도,함안군
270,가야원룸점,"부산광역시 부산진구 가야대로572번길 40, (가야동)",051-897-7086,부산광역시,부산진구
271,가야정원점,"부산광역시 부산진구 가야대로572번가길 26,  (가야동, 푸른마을) 1동",051-898-5050,부산광역시,부산진구
272,가양롯데시네마점,"
","
",,
273,가양미르웰점,"
","
",,
274,가양미소점,"서울특별시 강서구 강서로 506, 외필  지(가양동) 1층",02-3662-0978,서울특별시,강서구
275,가양오피스점,"서울특별시 강서구 강서로74길 28, (가양동)",02-2659-8333,서울특별시,강서구
276,가양중앙점,"대전광역시 동구 흥룡로 43,  (가양동)",042-622-3823,대전광역시,동구
277,가양평화점,"대전광역시 동구 비래서로62번길 1, (가양동)",042-626-7115,대전광역시,동구
278,가양플라워점,"대전광역시 동구 우암로 244, (가양동)",042-672-0321,대전광역시,동구
279,가양휴먼빌점,"서울특별시 강서구 양천로57길 13, 가양휴먼빌 (가양동) 1층 101호",02-3663-9190,서울특별시,강서구
280,가오리사거리점,"서울특별시 강북구 삼각산로22길 2,  (수유동)",02-905-2057,서울특별시,강북구
281,가운드림프라자점,"경기도 남양주시 가운로1길 1, (가운동)",031-566-6777,경기도,남양주시
282,가운수미소점,"경기도 남양주시 가운로1길 25, 수미소상가 가운동(가운동) 12호",031-554-5289,경기도,남양주시
283,가은병원점,"경기도 부천시 소사구 마니로 24, 송내동 (송내동)",032-653-7889,경기도,부천시
284,가장래미안점,"대전광역시 서구 도솔로328번길 101,  (가장동) 1층",042-535-5288,대전광역시,서구
285,가재울뉴타운점,"
","
",,
286,가재울래미안점,서울특별시 서대문구 수색로6길 45 래미안남가좌2아파트,02-302-7772,서울특별시,서대문구
287,가재울소망점,서울특별시 서대문구 모래내로15길 30,02-6748-0243,서울특별시,서대문구
288,가재울편한점,"서울특별시 서대문구 수색로 100, 동 DMC레미안E편한세상(북가좌동, DMC래미안E편한세상아파트) 1층 102동 02호",02-303-9991,서울특별시,서대문구
289,가정3동2호점,인천광역시 서구 서달로179번길 12-8,032-577-3958,인천광역시,서구
290,가정3동점,"인천광역시 서구 서달로179번길 6, (가정동)",032-582-3958,인천광역시,서구
291,가정블루밍점,"인천광역시 서구 석곶로 26-1, (가정동)",032-577-5268,인천광역시,서구
292,가정센트럴점,인천광역시 서구 새오개로111번길 2 (신현동) 1층 104호,032-572-2881,인천광역시,서구
293,가정시티점,"
","
",,
294,가정호반점, ,032-561-4584,,
295,가좌4동점,"인천광역시 서구 여우재로86번길 2, (가좌동)",032-576-5805,인천광역시,서구
296,가좌IBC센터점,"인천광역시 서구 가좌로29번길 22(가좌동, IBC센터) 1층 103호",032-571-5256,인천광역시,서구
297,가좌공단2호점,"인천광역시 서구 가정로37번길 37-5, (가좌동)",032-572-7028,인천광역시,서구
298,가좌공단3호점,"인천광역시 서구 건지로 98-65, (가좌동)",032-577-1565,인천광역시,서구
299,가좌공단점,"인천광역시 서구 보도진로30번길 5, (가좌동)",032-573-7028,인천광역시,서구
300,가좌두산위브점,"인천광역시 서구 여우재로 130, (가좌동)",032-579-2221,인천광역시,서구
301,가좌라이프점,"인천광역시 서구 장고개로337번길 18-3, (가좌동)",032-577-1150,인천광역시,서구
302,가좌우수점,"인천광역시 서구 가정로 100, (가좌동)",032-578-5141,인천광역시,서구
303,가좌일등점,"인천광역시 서구 건지로348번길 27, (가좌동)",032-578-3788,인천광역시,서구
304,가좌점,"인천광역시 서구 장고개로 277-1, (가좌동, 청운프라자)",032-576-7142,인천광역시,서구
305,가좌주공점,"경상남도 진주시 내동로348번길 10, (가좌동, 가좌그린빌주공1차아파트) 102호",055-752-4089,경상남도,진주시
306,가좌주안BT센터점,"인천광역시 서구 가좌로 54, (가좌동)",032-582-8803,인천광역시,서구
307,가좌중앙점,"인천광역시 서구 원적로57번길 14, (가좌동)",032-584-0484,인천광역시,서구
308,가좌청기와점,"인천광역시 서구 가정로 63, (가좌동)",032-574-7966,인천광역시,서구
309,가좌한신점,"인천광역시 서구 원적로100번길 24, (가좌동)",032-574-8324,인천광역시,서구
310,가좌한화점,"경기도 고양시 일산서구 송산로 390, 필지(가좌동) 4호",010-9083-9714,경기도,고양시
311,가좌현대점,"인천광역시 서구 원적로 91,  (가좌동, 현대아파트) 301동",032-577-7009,인천광역시,서구
312,가좌현우점,"인천광역시 서구 가정로 128, (가좌동)",032-575-4237,인천광역시,서구
313,가천대길병원점,"인천광역시 남동구 남동대로774번길 21, (구월동)",032-462-4168,인천광역시,남동구
314,가촌그린점,"경상남도 양산시 물금읍 새실로 159, (가촌리) 나래메트로시티 G동",055-383-1404,경상남도,양산시
315,가촌대로점,"
","
",,
316,가촌새길점, ,055-366-1404,,
317,가촌양우점,경상남도 양산시 물금읍 야리로 31,055-382-0886,경상남도,양산시
318,가촌원룸점,"경상남도 양산시 물금읍 백호2길 16,  (가촌리) 1층",055-384-6777,경상남도,양산시
319,가촌이지2차점, ,055,,
320,가톨릭관동대점,"강원도 강릉시 범일로579번길 24, 가톨릭관동대학교  창조관(내곡동)",033-643-2562,강원도,강릉시
321,가평군청점,"경기도 가평군 가평읍 석봉로 175, (읍내리) 1호",031-581-7570,경기도,가평군
322,가평대로점,"경기도 가평군 가평읍 가화로 160, (읍내리, 정명빌라)",031-581-6555,경기도,가평군
323,가평북면점,"경기도 가평군 북면 화악산로 4, (목동리)",031-582-8029,경기도,가평군
324,가평쁘띠프랑스점,"경기도 가평군 청평면 호반로 1063, (고성리)",031-585-1034,경기도,가평군
325,가평상천점,"경기도 가평군 청평면 경춘로 1362, (상천리)",031-584-4233,경기도,가평군
326,가평설악점,"경기도 가평군 설악면 신천중앙로 94, (신천리)",031-584-5811,경기도,가평군
327,가평센타점,경기도 가평군 가평읍 오리나무길 9 1층,031-581-7470,경기도,가평군
328,가평신상리점,"경기도 가평군 조종면 운악청계로 358, (신상리)",031-584-4535,경기도,가평군
329,가평읍내점,"경기도 가평군 가평읍 가화로 132, (읍내리)",031-581-7142,경기도,가평군
330,가평자라점,"경기도 가평군 가평읍 호반로 2585, (달전리)",031-582-9032,경기도,가평군
331,가평점,"경기도 가평군 가평읍 연인1길 1, (읍내리)",031-582-7042,경기도,가평군
332,가평종합운동장점, ,031-582-5113,,
333,가평터미널점,"경기도 가평군 가평읍 가화로 56, (대곡리)",031-582-7832,경기도,가평군
334,가평하천점,"경기도 가평군 청평면 청군로 6, (하천리)",031-584-2966,경기도,가평군
335,가평현리점,"경기도 가평군 하면 청군로 1229, (현리)",031-584-9070,경기도,가평군
336,가평휴게소상행선점,"경기도 가평군 설악면 미사리로 544, (미사리)",031-584-5902,경기도,가평군
337,가평휴게소하행선점,"경기도 가평군 설악면 미사리로540번길 51, (미사리)",031-584-5901,경기도,가평군
338,간석4동점,인천광역시 남동구 석정로 580,032-423-2652,인천광역시,남동구
339,간석경인점,"인천광역시 남동구 풀무로 2, (간석동)",032-431-4894,인천광역시,남동구
340,간석대성점,인천광역시 남동구 구월로40번길 13,032-433-8507,인천광역시,남동구
341,간석래미안점,"인천광역시 남동구 남동대로 860, (간석동, 간석래미안자이) 1층 101동 105호",032-466-5805,인천광역시,남동구
342,간석로즈마리점,"
","
",,
343,간석로즈힐점,인천광역시 남동구 석산로197번길 14 로즈힐아파트,032-442-0333,인천광역시,남동구
344,간석메인점,"인천광역시 남동구 석촌로 24, (간석동)",032-422-3656,인천광역시,남동구
345,간석벽산점,"인천광역시 남동구 호구포로 915, (간석동)",032-422-5173,인천광역시,남동구
346,간석사랑점,"인천광역시 남동구 남동대로915번길 10,  (간석동) 1층",032-424-3698,인천광역시,남동구
347,간석수연점,인천광역시 남동구 석정로497번길 64,032-428-7621,인천광역시,남동구
348,간석에이스점,"인천광역시 남동구 석정로565번길 11, (간석동, 미림빌라트)",032-426-3345,인천광역시,남동구
349,간석중앙점,"인천광역시 남동구 남동대로922번길 15, (간석동)",032-433-4213,인천광역시,남동구
350,간석탑클래스점, ,032-425-6545,,
351,간석트라움점,"
","
",,
352,간석프라자점,"인천광역시 남동구 남동대로916번길 75, 간석프라자  (간석동)",032-422-3618,인천광역시,남동구
353,간석하늘점,인천광역시 남동구 간석로 37,032-426-1117,인천광역시,남동구
354,간석휴먼시아점,"인천광역시 남동구 간석로 105,  (간석동, 신세계빌라) E동",032-427-9811,인천광역시,남동구
355,간성대명점,"강원도 고성군 간성읍 수성로 126-5, (상리) 대명아파트",033-681-7737,강원도,고성군
356,간성으뜸점,"강원도 고성군 간성읍 간성로 23, (신안리)",033-681-2390,강원도,고성군
357,간성점,"강원도 고성군 간성읍 간성로 49, (신안리)",033-681-8027,강원도,고성군
358,간절곶해맞이점, ,080-80-3663,,
359,갈마도서관점,"대전광역시 서구 신갈마로 63, (갈마동)",042-525-9460,대전광역시,서구
360,갈마리쥬점,"대전광역시 서구 대덕대로167번길 29, (갈마동, 리쥬파크) 101호",042-535-6700,대전광역시,서구
361,갈마빌리지점,"대전광역시 서구 신갈마로211번길 58, (갈마동)",042-542-0542,대전광역시,서구
362,갈마서부점,"대전광역시 서구 갈마중로 13, (갈마동)",042-524-2555,대전광역시,서구
363,갈마원룸점,"대전광역시 서구 대덕대로 111, (갈마동)",042-535-9448,대전광역시,서구
364,갈마위너스점,"대전광역시 서구 대덕대로168번길 22, (갈마동, 위너스빌2차아파트)",042-537-1777,대전광역시,서구
365,갈마점,"대전광역시 서구 신갈마로167번길 2, (갈마동)",042-524-6677,대전광역시,서구
366,갈마행복점,"대전광역시 서구 계룡로354번길 56, (갈마동)",042-535-2159,대전광역시,서구
367,갈매공원점, ,031-573-7045,,
368,갈매스타힐스점,"경기도 구리시 산마루로 46, (갈매동, 갈매4단지) 1층 상가동 103,104호",031-529-1986,경기도,구리시
369,갈매아름터점, ,031-575-2665,,
370,갈매에이스점, ,031-575-7657,,
371,갈매포스코점,"
","
",,
372,갈산역사점,"인천광역시 부평구 부평대로 284, (갈산동)",032-362-0130,인천광역시,부평구
373,갈산중앙점,인천광역시 부평구 평천로 286 (갈산동),070-8782-0000,인천광역시,부평구
374,갈산행복점,"인천광역시 부평구 새갈로 22, (갈산동)",032-529-0329,인천광역시,부평구
375,갈산향기점,인천광역시 부평구 주부토로262번길 19-5,032-504-7651,인천광역시,부평구
376,갈현선정점,서울특별시 은평구 갈현로23길 25,02-354-8409,서울특별시,은평구
377,감만부두점,"부산광역시 남구 북항로 59, 감만부두내  (감만동)",051-633-9127,부산광역시,남구
378,감만이룸점,부산광역시 남구 양지골로 342,051-634-2399,부산광역시,남구
379,감삼복순이원룸점,"대구광역시 달서구 죽전4길 67,  (감삼동) 1층",070-7736-4989,대구광역시,달서구
380,감전공단점,"부산광역시 사상구 새벽로121번길 103, (감전동)",051-312-7800,부산광역시,사상구
381,감전낙동대로점,"부산광역시 사상구 낙동대로 988, (감전동)",051-325-4268,부산광역시,사상구
382,감전대동점, ,051-312-7770,,
383,감전사랑점,"부산광역시 사상구 새벽시장로 100, (감전동)",051-316-0513,부산광역시,사상구
384,감정신안점,"
","
",,
385,감천대로점,"부산광역시 사하구 감천로 141, (감천동)",051-201-1798,부산광역시,사하구
386,감천스마일점,"부산광역시 사하구 감천로 45, (감천동)",051-204-0770,부산광역시,사하구
387,감천유림점,"부산광역시 사하구 감천로 24, (감천동, 감천유림1차)",051-203-9023,부산광역시,사하구
388,감천항점,"부산광역시 서구 원양로 310, (암남동)",051-231-8500,부산광역시,서구
389,감포점,"경상북도 경주시 감포읍 감포로 117, (감포리)",054-775-0553,경상북도,경주시
390,감포파도소리점,"경상북도 경주시 감포읍 동해안로 2473, (오류리)",054-744-8542,경상북도,경주시
391,강경역점,"충청남도 논산시 강경읍 대흥로 17-1, (대흥리)",041-745-4305,충청남도,논산시
392,강구터미널점,"경상북도 영덕군 강구면 동해대로 4497, (오포리)",054-734-5506,경상북도,영덕군
393,강구항점,"경상북도 영덕군 강구면 영덕대게로 81, (강구리)",054-732-0223,경상북도,영덕군
394,강남거평타운점,"서울특별시 강남구 봉은사로 129, (논현동)",02-542-6851,서울특별시,강남구
395,강남남명학사점,"서울특별시 강남구 자곡로 114, (자곡동) 서강플라자",02-3411-9600,서울특별시,강남구
396,강남논현타운점,"서울특별시 강남구 강남대로114길 25, (논현동)",02-339-0033,서울특별시,강남구
397,강남대경천관점,경기도 용인시 기흥구 강남로 40 강남대학교,031-283-0209,경기도,용인시
398,강남대원룸점,"경기도 용인시 기흥구 강남서로67번길 8, (구갈동)",031-285-5289,경기도,용인시
399,강남대정문점,"경기도 용인시 기흥구 강남로 8, 우성메디피아  (구갈동)",031-287-6057,경기도,용인시
400,강남로얄점,"서울특별시 강남구 봉은사로 443,  (삼성동) 1층",02-6053-3123,서울특별시,강남구
401,강남삼성점,"서울특별시 강남구 선릉로126길 14, (삼성동)",02-515-2149,서울특별시,강남구
402,강남세브란스점,"
","
",,
403,강남센타점,"서울특별시 강남구 강남대로 388, 역삼동 지하(역삼동)",02-552-1266,서울특별시,강남구
404,강남소망점,"서울특별시 강남구 언주로159길 10, (신사동)",02-543-3570,서울특별시,강남구
405,강남승리점,서울특별시 서초구 서초대로78길 30,02-523-1454,서울특별시,서초구
406,강남시티점,"서울특별시 강남구 선릉로93길 50, (역삼동)",02-567-1844,서울특별시,강남구
407,강남아크로텔점,서울특별시 서초구 효령로77길 34 현대골든텔,02-522-2825,서울특별시,서초구
408,강남에스원점,"서울특별시 강남구 봉은사로74길 15, (삼성동)",02-553-7906,서울특별시,강남구
409,강남연세장례식장점,"서울특별시 강남구 언주로 211, (도곡동)",02-3462-4001,서울특별시,강남구
410,강남일원점,"서울특별시 강남구 일원로3길 89, (일원동)",070-8871-5634,서울특별시,강남구
411,강남자곡점,"서울특별시 강남구 자곡로 175, (자곡동, 엘에이치강남아이파크) 1층 101호",070-4406-1002,서울특별시,강남구
412,강남청담점,"서울특별시 강남구 학동로101길 21, (청담동)",02-3443-1666,서울특별시,강남구
413,강남푸르지오점,"서울특별시 강남구 테헤란로4길 6, 강남역센트럴푸르지오시티 (역삼동) B동 110호",02-873-1232,서울특별시,강남구
414,강남해성점,"서울특별시 강남구 테헤란로 504, 지하(대치동) 1층 21114호",02-528-3239,서울특별시,강남구
415,강남해커스점,"서울특별시 서초구 강남대로61길 13,  (서초동)",02-3482-1114,서울특별시,서초구
416,강남행복점,서울특별시 강남구 양재대로55길 6 수서1단지아파트상가,02-459-9864,서울특별시,강남구
417,강대병원점,"강원도 춘천시 백령로 156, (효자동)",033-252-2557,강원도,춘천시
418,강대에이스점,"강원도 춘천시 백령로 139, (효자동)",033-254-0127,강원도,춘천시
419,강동개나리점,서울특별시 강동구 천중로 168 (길동),02-475-7770,서울특별시,강동구
420,강동구청점,"서울특별시 강동구 성내로 28, (성내동)",02-476-6562,서울특별시,강동구
421,강동둔촌점,서울특별시 강동구 양재대로 1412 토림빌,02-4777-7868,서울특별시,강동구
422,강동드림점,서울특별시 강동구 성내로15길 9,02-478-1633,서울특별시,강동구
423,강동미소점,서울특별시 강동구 암사18길 49,02-481-5766,서울특별시,강동구
424,강동블루점,"서울특별시 강동구 진황도로 17, (천호동)",02-477-8717,서울특별시,강동구
425,강동상떼빌점,서울특별시 강동구 천호대로 1065 강동상떼빌,02-473-0695,서울특별시,강동구
426,강동상일로점,"서울특별시 강동구 상일로5길 32, (상일동, 비젼빌딩)",02-426-0790,서울특별시,강동구
427,강동성내로점,"서울특별시 강동구 성내로6가길 38, 코너  (성내동)",02-470-5685,서울특별시,강동구
428,강동성심병원점,"서울특별시 강동구 성안로 150, (길동)",02-471-1171,서울특별시,강동구
429,강동센트럴점,서울특별시 강동구 구천면로 328 인성빌딩 (천호동) 인성빌딩,02-6015-2349,서울특별시,강동구
430,강동어울림점,서울특별시 강동구 암사길 40,02-429-4440,서울특별시,강동구
431,강동역점,"서울특별시 강동구 천호대로 1092, (성내동, 에스케이허브진)",070-4132-4508,서울특별시,강동구
432,강동오네뜨점,"서울특별시 강동구 천중로49길 32-17, (길동)",02-484-7881,서울특별시,강동구
433,강동올림픽로점,"서울특별시 강동구 올림픽로 598, (성내동)",02-479-0933,서울특별시,강동구
434,강동은성점,서울특별시 강동구 성안로 191 신암빌딩,02-482-5766,서울특별시,강동구
435,강동은혜점,서울특별시 강동구 상암로 97,02-427-9245,서울특별시,강동구
436,강동천중로점,서울특별시 강동구 천중로50길 27 청원빌라트,02-6396-5311,서울특별시,강동구
437,강동천호대로점,"서울특별시 강동구 천호대로 1034, 탑메디칼센터  (성내동)",02-553-8305,서울특별시,강동구
438,강동축복점,서울특별시 강동구 명일로 220,02-470-3865,서울특별시,강동구
439,강동파크점,서울특별시 강동구 올림픽로 680,02-477-4500,서울특별시,강동구
440,강동하이빌점,서울특별시 강동구 진황도로 66 정암하이빌,02-479-4696,서울특별시,강동구
441,강동한솔점,"서울특별시 강동구 암사길 102, (암사동)",070-8833-3217,서울특별시,강동구
442,강동해오름점,서울특별시 강동구 양재대로128길 13 금관빌딩,02-429-1160,서울특별시,강동구
443,강릉강일점,"강원도 강릉시 화부산로 121, (교동)",033-648-1142,강원도,강릉시
444,강릉경포해변점,강원도 강릉시 창해로 427,033-643-1634,강원도,강릉시
445,강릉고려병원점,"강원도 강릉시 옥가로 30, 고려병원  (옥천동)",033-641-4281,강원도,강릉시
446,강릉관동점,"강원도 강릉시 강변로182번길 11, (내곡동)",033-641-0369,강원도,강릉시
447,강릉관솔점,"강원도 강릉시 관대길 35, (내곡동)",033-643-4737,강원도,강릉시
448,강릉광장점,"강원도 강릉시 임영로 105, (성남동)",033-642-4250,강원도,강릉시
449,강릉교동광장로점,강원도 강릉시 교동광장로 129,033-642-0510,강원도,강릉시
450,강릉교동백일홍점,"강원도 강릉시 하슬라로206번길 12-9, (교동)",033-655-3976,강원도,강릉시
451,강릉교동스카이점,강원도 강릉시 교동광장로100번길 13,033-655-7017,강원도,강릉시
452,강릉교동율곡점,"강원도 강릉시 원대로 157, (교동)",033-647-9726,강원도,강릉시
453,강릉교동이화점,"강원도 강릉시 율곡로2968번길 21, (교동)",033-646-4857,강원도,강릉시
454,강릉교동중앙점,"강원도 강릉시 강릉대로121번길 6, (교동)",033-655-2407,강원도,강릉시
455,강릉교동택지점,"강원도 강릉시 경포로 22, (교동)",033-646-3733,강원도,강릉시
456,강릉교동황제점,"강원도 강릉시 강릉대로 211, (교동)",033-643-7511,강원도,강릉시
457,강릉내곡점,"강원도 강릉시 강변로114번길 7, (내곡동)",033-642-8625,강원도,강릉시
458,강릉노암율곡로점,강원도 강릉시 율곡로 2745,033-647-7303,강원도,강릉시
459,강릉노암점,"강원도 강릉시 임영로 49, (노암동)",033-645-7988,강원도,강릉시
460,강릉노암한라점,"강원도 강릉시 남부로125번길 4, (노암동)",033-645-9878,강원도,강릉시
461,강릉녹색도시점, ,033-653-7291,,
462,강릉대솔향관점,"강원도 강릉시 죽헌길 7, 강릉원주대학교  학생생활관(지변동)",033-645-5510,강원도,강릉시
463,강릉대원룸점,"강원도 강릉시 지변길 16, (지변동)",033-643-2155,강원도,강릉시
464,강릉대율곡관점,"강원도 강릉시 죽헌길 7, 강릉원주대학교  내 율곡관(지변동)",033-655-0848,강원도,강릉시
465,강릉동인점,"강원도 강릉시 보래미길 30, (포남동)",033-653-2924,강원도,강릉시
466,강릉명주점,"강원도 강릉시 경강로 2032, (명주동)",033-645-8809,강원도,강릉시
467,강릉문화점,"강원도 강릉시 문화의길 18, (임당동)",033-641-4541,강원도,강릉시
468,강릉물류센터포켓점,강원도 강릉시 사천면 과학단지로 137-49 (방동리),033-648-2096,강원도,강릉시
469,강릉부영하슬라빌점,강원도 강릉시 하슬라로 124-8 부영3차아파트,033-643-2407,강원도,강릉시
470,강릉블루비치점,"강원도 강릉시 해안로 655, (안현동)",033-644-2262,강원도,강릉시
471,강릉사랑점,"강원도 강릉시 신대학길 39, (금학동)",033-643-6373,강원도,강릉시
472,강릉성남중앙점,"강원도 강릉시 중앙시장3길 22-1, (성남동)",033-641-1772,강원도,강릉시
473,강릉소금강삼거리점,"강원도 강릉시 연곡면 진고개로 1513, (삼산리)",070-7727-2151,강원도,강릉시
474,강릉신동아점,"강원도 강릉시 옥천로62번길 14-1, (옥천동)",033-642-5906,강원도,강릉시
475,강릉신성점,"강원도 강릉시 옥천로 65, (옥천동)",033-647-4773,강원도,강릉시
476,강릉신세계점,"강원도 강릉시 용지로 146, (옥천동)",033-648-0775,강원도,강릉시
477,강릉아산드림점,"강원도 강릉시 사천면 방동길 35, (방동리)",033-641-8289,강원도,강릉시
478,강릉안목해변점,"강원도 강릉시 창해로14번길 16, (견소동)",033-653-5513,강원도,강릉시
479,강릉안인점,강원도 강릉시 강동면 율곡로 1955,033--0648,강원도,강릉시
480,강릉연곡영진점,"강원도 강릉시 연곡면 해안로 1371, 연곡면  (영진리)",010-9972-5271,강원도,강릉시
481,강릉옥계점,"강원도 강릉시 옥계면 현내중길 2, (현내리)",033-534-1093,강원도,강릉시
482,강릉옥천로점,"강원도 강릉시 옥천로61번길 25, (옥천동)",033-644-6724,강원도,강릉시
483,강릉월대산로점,강원도 강릉시 월대산로 7,033-651-9871,강원도,강릉시
484,강릉유니시티점,강원도 강릉시 신대학길 17 강릉1번가,033-643-0477,강원도,강릉시
485,강릉유천올림피아점, ,033-642-2828,,
486,강릉유천우미린점,"강원도 강릉시 선수촌로 55, (홍제동) 1층 107호",033-655-1995,강원도,강릉시
487,강릉유천택지점, ,033-655-1237,,
488,강릉임당점,"강원도 강릉시 경강로 2115, (임당동)",033-641-4779,강원도,강릉시
489,강릉입암강변로점,강원도 강릉시 강변로 366,033-645-7063,강원도,강릉시
490,강릉입암사오주공점,"강원도 강릉시 성덕포남로 89-12, (입암동) 102호",033-652-0831,강원도,강릉시
491,강릉입암어울림점,"강원도 강릉시 성덕로 328-9, (입암동)",033-653-6161,강원도,강릉시
492,강릉입암점,"강원도 강릉시 성덕포남로 53, (입암동) 1층 106호",033-653-1434,강원도,강릉시
493,강릉입암중앙점,"강원도 강릉시 성덕포남로 21, (입암동)",033-652-0044,강원도,강릉시
494,강릉터미널점,"강원도 강릉시 하슬라로 22, (홍제동)",033-642-9427,강원도,강릉시
495,강릉평화점,"강원도 강릉시 정원로 42, (교동)",033-643-3238,강원도,강릉시
496,강릉포남경강로점,강원도 강릉시 경강로 2322,033-645-0740,강원도,강릉시
497,강릉포남미라보점,"강원도 강릉시 명륜로 124, (포남동, 미라보) 1동 102호",033-652-0061,강원도,강릉시
498,강릉포남일송점,"강원도 강릉시 하평3길 22, (포남동)",033-651-3168,강원도,강릉시
499,강릉포남제일점,"강원도 강릉시 성덕포남로182번길 28, (포남동)",033-651-4589,강원도,강릉시
500,강릉포남중앙점,"강원도 강릉시 강릉대로359번길 5-12, (포남동)",033-651-2109,강원도,강릉시
501,강릉포남한송로점,"강원도 강릉시 경강로 2244, (포남동)",033-644-2054,강원도,강릉시
502,강릉홍제삼거리점,"강원도 강릉시 토성로 96, (홍제동)",033-647-5399,강원도,강릉시
503,강릉회산스타힐스점, ,033-648-1434,,
504,강북드림점,"서울특별시 강북구 덕릉로 99, (번동)",02-970-7170,서울특별시,강북구
505,강북삼양점,"서울특별시 강북구 삼양로 190, (미아동)",02-980-0506,서울특별시,강북구
506,강북송천점,"서울특별시 강북구 삼양로24길 45,  (미아동) 1층",02-985-4640,서울특별시,강북구
507,강북수유점,"서울특별시 강북구 노해로 23, (수유동)",02-992-5472,서울특별시,강북구
508,강북예술회관점,"서울특별시 강북구 인수봉로68길 37,  (수유동) 1층",02-906-2267,서울특별시,강북구
509,강북오패산로점,서울특별시 강북구 오패산로 271,02-988-3250,서울특별시,강북구
510,강북우이점,"서울특별시 강북구 삼양로 585, (우이동)",02-990-8051,서울특별시,강북구
511,강북제일점,서울특별시 강북구 삼양로124길 11,02-903-5978,서울특별시,강북구
512,강서가로공원점,"서울특별시 강서구 가로공원로 216, 한성빌딩  (화곡동) 1층",02-2604-1888,서울특별시,강서구
513,강서강동점,"부산광역시 강서구 제도로 750,  (강동동) 1층",051-325-0210,부산광역시,강서구
514,강서경찰서점,"서울특별시 강서구 공항대로46길 100, (화곡동)",02-2693-0881,서울특별시,강서구
515,강서골든뷰점,"부산광역시 강서구 신호산단2로 33, 골든뷰 (신호동) 104호",051-971-6667,부산광역시,강서구
516,강서구청역점,"부산광역시 강서구 대저로274번길 35, (대저1동)",051-973-0121,부산광역시,강서구
517,강서낚시밸리점,"부산광역시 강서구 가락대로961번길 54, (범방동)",051-971-8863,부산광역시,강서구
518,강서다온점,서울특별시 강서구 화곡로13길 111,02-2602-3549,서울특별시,강서구
519,강서도레미점,"서울특별시 강서구 양천로26길 38, 경남아너스빌(방화동, 방화경남아너스빌1차아파트)",02-2666-6928,서울특별시,강서구
520,강서미음점,"부산광역시 강서구 미음산단로 9, (구랑동)",051-971-8173,부산광역시,강서구
521,강서범방대로점, ,010-2048-4618,,
522,강서범방원룸점,"부산광역시 강서구 범방3로 76, (범방동)",051-831-0607,부산광역시,강서구
523,강서부민병원점,"서울특별시 강서구 공항대로 389, (등촌동)",02-3661-7726,서울특별시,강서구
524,강서붐호텔점,"
","
",,
525,강서센트리움점,"서울특별시 강서구 공항대로46길 17, (화곡동)",02-2605-9652,서울특별시,강서구
526,강서송정점,"부산광역시 강서구 녹산산단232로 38-25, (송정동)",051-832-1173,부산광역시,강서구
527,강서스카이점,"서울특별시 강서구 강서로5나길 50,  (화곡동, 일성스카이빌) 1층",02-2608-9595,서울특별시,강서구
528,강서스타점,서울특별시 강서구 강서로54길 90,02-3665-8243,서울특별시,강서구
529,강서아이파크점,"서울특별시 강서구 우장산로15길 21, 화곡동  (화곡동) 1층",02-2065-1029,서울특별시,강서구
530,강서웨스턴점,서울특별시 강서구 허준로 47 가양2단지아파트,02-3664-1623,서울특별시,강서구
531,강서지식산업센터점,"서울특별시 강서구 양천로 401, 한강자이타워 (가양동)",02-3663-0996,서울특별시,강서구
532,강서태양점,"서울특별시 강서구 강서로18길 146, (화곡동, 베스트힐타운) 101호",02-2606-5552,서울특별시,강서구
533,강서한아름점,"서울특별시 강서구 등촌로13길 28,  (화곡동) 1층",02-2652-6670,서울특별시,강서구
534,강서화곡점,"서울특별시 강서구 화곡로42길 15, (화곡동)",02-2608-5522,서울특별시,강서구
535,강선마을점,"경기도 고양시 일산동구 고봉로 32-6, 엔트리원프라자 (장항동) 101호",031-913-0180,경기도,고양시
536,강원관광대학교점,강원도 태백시 대학길 97 강원관광대학,033-552-7077,강원도,태백시
537,강원대기숙사점,"강원도 춘천시 강원대학길 1, (효자동)",033-251-0440,강원도,춘천시
538,강원대도계학생회관점,"강원도 삼척시 중앙로 346, 강원대학교  (교동)",033-540-3298,강원도,삼척시
539,강원대삼척캠퍼스1호,"강원도 삼척시 중앙로 346, (교동)",033-570-6760,강원도,삼척시
540,강원대삼척캠퍼스2호,"강원도 삼척시 중앙로 346, (교동)",033-570-6758,강원도,삼척시
541,강원대점,"강원도 춘천시 강원대학길 1, (효자동)",033-252-0603,강원도,춘천시
542,강원대해솔관점,"강원도 삼척시 중앙로 346, (교동) 1층",033-570-6742,강원도,삼척시
543,강일5단지점,"서울특별시 강동구 아리수로97길 20, (강일동, 강일리버파크5단지아파트)",02-428-1186,서울특별시,강동구
544,강일재화점,"
","
",,
545,강일풍성점,"서울특별시 강동구 아리수로98길 25, (강일동, 강일리버파크7단지아파트) 104호",02-481-6688,서울특별시,강동구
546,강정마을점, ,064-739-2490,,
547,강진로또점,전라남도 강진군 강진읍 보은로 115,010-6790-3278,전라남도,강진군
548,강진마량점,"전라남도 강진군 마량면 미항로 135-1, (마량리)",061-432-2108,전라남도,강진군
549,강진우량점,"전라남도 강진군 강진읍 동성로 28, (동성리)",061-433-5906,전라남도,강진군
550,강진이안점,"전라남도 강진군 강진읍 고성길 14, (서성리, 이안가) 101동 101호",061-432-2597,전라남도,강진군
551,강진중앙점,"전라남도 강진군 강진읍 보은로1길 25, (남성리)",061-434-7472,전라남도,강진군
552,강진터미널점,"전라남도 강진군 강진읍 중앙로 92,  (평동리) 1층",061-434-0203,전라남도,강진군
553,강촌방곡점,"강원도 춘천시 남산면 강촌로 184, (방곡리)",033-261-6402,강원도,춘천시
554,강촌중앙점,"강원도 춘천시 남산면 강촌로 87, (강촌리)",033-261-1172,강원도,춘천시
555,강풀만화거리점,서울특별시 강동구 천호대로168가길 57,02-478-4282,서울특별시,강동구
556,강화교동도점,"인천광역시 강화군 교동면 교동남로 17, (대룡리)",032-933-9250,인천광역시,강화군
557,강화길상점,"인천광역시 강화군 길상면 강화동로 39-1, (온수리) 국일관",032-937-9930,인천광역시,강화군
558,강화동검도점,"인천광역시 강화군 길상면 해안남로 344, (장흥리)",032-937-7051,인천광역시,강화군
559,강화동막점,"인천광역시 강화군 화도면 해안남로 1504,  (동막리) 1층",032-937-1326,인천광역시,강화군
560,강화병원점,"인천광역시 강화군 강화읍 강화대로 310, (갑곳리)",032-934-6042,인천광역시,강화군
561,강화서문점,"인천광역시 강화군 강화읍 고비고개로 12-1, (국화리)",032-932-9793,인천광역시,강화군
562,강화선두리점,"인천광역시 강화군 길상면 보리고개로 101, (선두리)",032-937-7052,인천광역시,강화군
563,강화신문점, ,032-932-6252,,
564,강화온수점,"인천광역시 강화군 길상면 온수길 23, (온수리)",032-937-0588,인천광역시,강화군
565,강화외포리점,"인천광역시 강화군 내가면 중앙로 1303, (외포리)",032-934-5673,인천광역시,강화군
566,강화중앙점,"인천광역시 강화군 강화읍 강화대로 395, (신문리)",032-934-7707,인천광역시,강화군
567,강화진고개점,"인천광역시 강화군 강화읍 강화대로 571, (국화리)",032-932-6862,인천광역시,강화군
568,강화터미널점,인천광역시 강화군 강화읍 중앙로 27 성용프라자,032-932-1729,인천광역시,강화군
569,강화해안로점,"인천광역시 강화군 화도면 해안남로 2394, (장화리)",032-937-4705,인천광역시,강화군
570,강화후포항점,"인천광역시 강화군 화도면 해안남로 2850, (내리)",032-937-5733,인천광역시,강화군
571,개금금강원룸점,"
","
",,
572,개금대로점,"부산광역시 부산진구 가야대로443번길 11, (개금동)",051-893-7750,부산광역시,부산진구
573,개금동서점,부산광역시 부산진구 백양대로 254,051-898-0729,부산광역시,부산진구
574,개금블루스카이점,"부산광역시 부산진구 개금온정로 6, (개금동)",051-897-5744,부산광역시,부산진구
575,개금스마트점, ,051-892-1117,,
576,개금역점,"부산광역시 부산진구 가야대로 451, 개금동 (개금동) 511동 1호",010-5699-9905,부산광역시,부산진구
577,개금원룸점,"부산광역시 부산진구 복지로21번길 52, (개금동, 대양에이스)",051-897-4933,부산광역시,부산진구
578,개금중앙점,부산광역시 부산진구 냉정로 185,051-892-2537,부산광역시,부산진구
579,개금진양점,"부산광역시 부산진구 냉정로 161, (개금동)",051-898-0935,부산광역시,부산진구
580,개봉그린점,"
","
",,
581,개봉남부역점,서울특별시 구로구 남부순환로97길 20-10,02-2060-5845,서울특별시,구로구
582,개봉목감천점,서울특별시 구로구 개봉로2길 69,02-2687-2037,서울특별시,구로구
583,개봉삼환점,"서울특별시 구로구 남부순환로95길 54, (개봉동, 삼환아파트)",02-2689-0277,서울특별시,구로구
584,개봉역점,"서울특별시 구로구 경인로 350,  (개봉동, 금석연립) B동",02-2615-9450,서울특별시,구로구
585,개봉영웅점,서울특별시 구로구 경서로1나길 1,02-2689-6679,서울특별시,구로구
586,개봉푸르뫼점,서울특별시 구로구 고척로21가길 60,02-2682-1284,서울특별시,구로구
587,개봉현대점,"서울특별시 구로구 개봉로20길 158, 동 개봉동 현대홈타운(개봉동, 현대홈타운) 101호",02-2682-0000,서울특별시,구로구
588,개성공단2호점, ,001-8585-2298,,
589,개성공단점, ,001-8585-2299,,
590,개성공단종합지원센터, ,001-8585-3412,,
591,개포대성점,서울특별시 강남구 논현로16길 25,02-575-9284,서울특별시,강남구
592,개포사랑점,"서울특별시 강남구 선릉로10길 4, (개포동)",02-573-1039,서울특별시,강남구
593,개포현대점,"서울특별시 강남구 개포로17길 13, (개포동)",02-572-6337,서울특별시,강남구
594,개화산역점,"서울특별시 강서구 양천로 19, (방화동) 1층 1동 107호",02-2663-7643,서울특별시,강서구
595,개화점,"
","
",,
596,거가대교가덕휴게소점,"부산광역시 강서구 거가대로 2571, (천성동)",070-4050-6917,부산광역시,강서구
597,거가대교거제휴게소,"경상남도 거제시 장목면 거가대로 1068, (율천리)",055-736-2200,경상남도,거제시
598,거두점,"강원도 춘천시 동내면 거두택지길 20, (거두리)",033-261-2270,강원도,춘천시
599,거여거원점,"서울특별시 송파구 양산로2길 38, (거여동, 거여6단지)",02-2043-8576,서울특별시,송파구
600,거여공원점,서울특별시 송파구 거마로3길 21,02-402-2292,서울특별시,송파구
601,거여중앙점,"서울특별시 송파구 거마로2길 3, (거여동)",02-422-8485,서울특별시,송파구
602,거여청솔점,"서울특별시 송파구 오금로 544, (거여동)",02-408-0181,서울특별시,송파구
603,거여현대점,서울특별시 송파구 거마로9길 18 (거여동),02-407-0698,서울특별시,송파구
604,거제가조도점,"경상남도 거제시 사등면 가조로4길 6, (창호리) 304호",055-635-8177,경상남도,거제시
605,거제경남아너스빌점,"
","
",,
606,거제계룡점,"경상남도 거제시 거제중앙로 1771, (상동동)",055-638-2380,경상남도,거제시
607,거제고려아파트점,"경상남도 거제시 중곡로2길 27, 상가동(고현동, 고려5단지아파트)",055-634-0118,경상남도,거제시
608,거제고현가온점,"경상남도 거제시 거제중앙로5길 20, (고현동)",070-8875-1485,경상남도,거제시
609,거제고현신유점,"경상남도 거제시 고현천로 110,  (고현동) 1층",070-8875-1485,경상남도,거제시
610,거제고현화인점,"경상남도 거제시 서문로3길 11, (고현동, 화인아트빌라)",055-636-7245,경상남도,거제시
611,거제교육청점,"경상남도 거제시 거제중앙로 1820, (고현동)",055-634-0636,경상남도,거제시
612,거제내담점,"경상남도 거제시 수양로 503,  (양정동) 1층",055-638-5359,경상남도,거제시
613,거제뉴마전점,"경상남도 거제시 장승로 55, (장승포동)",055-681-4501,경상남도,거제시
614,거제뉴장승포점,경상남도 거제시 옥수로1길 3 문화상가빌라,055-681-7677,경상남도,거제시
615,거제능포미소점,"경상남도 거제시 능포로4길 16-1,  (능포동, 화찬빌라) 1동",055-682-2086,경상남도,거제시
616,거제능포해안점,"경상남도 거제시 능포로 227, (능포동)",055-682-2804,경상남도,거제시
617,거제대계마을점,"경상남도 거제시 장목면 옥포대첩로 776-5, (외포리) 1층",055-636-6820,경상남도,거제시
618,거제대교점,"경상남도 거제시 사등면 거제남서로 5334, (덕호리)",055-638-2517,경상남도,거제시
619,거제대우점,"경상남도 거제시 두모길 17, (두모동)",055-681-5475,경상남도,거제시
620,거제대학교점,"경상남도 거제시 마전1길 91, 학생회관  (장승포동)",055-682-2267,경상남도,거제시
621,거제더샵블루시티점, ,010-4876-3036,,
622,거제덕산점,"경상남도 거제시 중곡로 40, (고현동, 거제덕산베스트타운1차아파트)",055-638-4067,경상남도,거제시
623,거제동부산양점,"경상남도 거제시 동부면 거제남서로 3056, (산양리)",055-637-7122,경상남도,거제시
624,거제둔덕점,"경상남도 거제시 둔덕면 거제남서로 4602, (하둔리)",070,경상남도,거제시
625,거제맑은샘병원점,"경상남도 거제시 연초면 거제대로 4477, 맑은샘병원 건물지(연사리) 1층 하호",055-731-1261,경상남도,거제시
626,거제면동상점,"경상남도 거제시 거제면 읍내로2길 35-1, (동상리)",055-633-6577,경상남도,거제시
627,거제문동점,"경상남도 거제시 거제중앙로 1509-13, (문동동, 삼오르네상스) 1층 108동 101호",055-636-3566,경상남도,거제시
628,거제미라주점,"부산광역시 연제구 거제대로114번길 43, 거제일동미라주아파트 상가(거제동) 102호",051-866-2386,부산광역시,연제구
629,거제미진오션점,경상남도 거제시 옥포대첩로2길 66,055-687-8886,경상남도,거제시
630,거제바다그리고점,경상남도 거제시 일운면 거제대로 1488,055-297-1294,경상남도,거제시
631,거제바람의언덕점,"경상남도 거제시 남부면 도장포1길 2, (갈곶리)",055-633-6075,경상남도,거제시
632,거제벽산솔렌스힐점,"경상남도 거제시 상동5길 75-40, (상동동, 벽산이솔렌스힐1차)",055-632-4403,경상남도,거제시
633,거제사등대로점,"경상남도 거제시 사등면 거제대로 5499, (사등리)",055-632-1413,경상남도,거제시
634,거제사등덕진점,"경상남도 거제시 사등면 지석2길 47, (지석리, 덕진봄아파트)",055-633-4973,경상남도,거제시
635,거제사랑점,"경상남도 거제시 거제중앙로31길 17, (고현동)",010-98816-5650,경상남도,거제시
636,거제삼성휴게소점,"경상남도 거제시 사등면 거제대로 5731, (성포리)",055-636-1529,경상남도,거제시
637,거제상동덕산점,"경상남도 거제시 상동1길 15-11, (상동동, 덕산3차베스트타운)",055-638-0338,경상남도,거제시
638,거제상문점,"경상남도 거제시 수양로 40, (문동동)",055-637-6681,경상남도,거제시
639,거제성내공단점,"경상남도 거제시 사등면 언양로 570, (사등리)",055-635-9102,경상남도,거제시
640,거제성포점,"경상남도 거제시 사등면 성포로 127, (성포리)",055-637-7278,경상남도,거제시
641,거제센텀점,"
","
",,
642,거제센트럴푸르지오점,"
","
",,
643,거제수양센텀점,경상남도 거제시 제산윗길 2,055-297-1296,경상남도,거제시
644,거제수양점,"경상남도 거제시 수양로 465, (수월동)",055-638-4068,경상남도,거제시
645,거제수월더블점,"경상남도 거제시 수양로 440-1, (수월동)",055-635-7267,경상남도,거제시
646,거제수월자이2호점,경상남도 거제시 해명로 57,055-637-5379,경상남도,거제시
647,거제수월자이점,"경상남도 거제시 해명로 22, (수월동)",055-681-7991,경상남도,거제시
648,거제수월점,"경상남도 거제시 수양로 435, (수월동, 거제신현두산위브)",055-637-4512,경상남도,거제시
649,거제시티점,"경상남도 거제시 거제중앙로23길 16, (고현동)",055-637-5510,경상남도,거제시
650,거제신우점,"경상남도 거제시 상동1길 31, (상동동, 신우스위트빌1차아파트)",055-635-2711,경상남도,거제시
651,거제신정점,"경상남도 거제시 장평로4길 18, (장평동)",055-637-4067,경상남도,거제시
652,거제신현점,"경상남도 거제시 거제중앙로26길 5, (고현동)",055-638-2645,경상남도,거제시
653,거제아주반딧불점, ,055-682-4445,,
654,거제아주신도시점,"경상남도 거제시 아주로 73-17, (아주동)",055-682-2091,경상남도,거제시
655,거제아주원룸점,"경상남도 거제시 용소7길 15, (아주동) 101호",055-682-4732,경상남도,거제시
656,거제아주이지비아점,"경상남도 거제시 아주로 63, (아주동, 미진이지비아)",055-681-4535,경상남도,거제시
657,거제아주잘생긴점, ,055-682-4489,,
658,거제아주조은점, ,055-682-2212,,
659,거제아주행복한점,"경상남도 거제시 아주1길 22, (아주동)",055-681-7284,경상남도,거제시
660,거제아주행운점,"경상남도 거제시 아주1로 48, (아주동)",010-3568-4489,경상남도,거제시
661,거제연초강변점,"경상남도 거제시 연초면 연하해안로 194, (오비리)",055-633-4972,경상남도,거제시
662,거제오비산단점,"경상남도 거제시 연초면 연하해안로 427,  (오비리) 1층",055-638-1258,경상남도,거제시
663,거제오션호텔점,"경상남도 거제시 옥포로2길 13, (옥포동)",055-687-7727,경상남도,거제시
664,거제옥포금산점,"경상남도 거제시 옥포로 194,  (옥포동)",055-688-6052,경상남도,거제시
665,거제옥포성은점,"경상남도 거제시 옥포로 315-2, (옥포동, 성은)",055-688-6620,경상남도,거제시
666,거제옥포아름점,"경상남도 거제시 성산로4길 15,  상가동(옥포동, 협동아름아파트) 1층 104동",055-687-4855,경상남도,거제시
667,거제옥포원룸점,"경상남도 거제시 국산6길 20,  (옥포동)",055-688-2112,경상남도,거제시
668,거제옥포이편한점, ,055-687-7900,,
669,거제옥포점,"경상남도 거제시 옥포로 182, (옥포동)",055-688-4774,경상남도,거제시
670,거제옥포조은점,"경상남도 거제시 옥포로 227, (옥포동)",055-687-1059,경상남도,거제시
671,거제옥포한신점,경상남도 거제시 옥포로 259,055-688-9625,경상남도,거제시
672,거제유림노르웨이점, ,055-635-2107,,
673,거제유림아시아드점,부산광역시 연제구 해맞이로 23 거제유림아시아드,051-506-4142,부산광역시,연제구
674,거제일등점,"경상남도 거제시 계룡로 126, (고현동)",055-637-1797,경상남도,거제시
675,거제장승포해안점,"경상남도 거제시 장승포로 61-1, (장승포동)",055-681-8880,경상남도,거제시
676,거제장평대로점,"경상남도 거제시 장평3로 28, (장평동)",055-632-8307,경상남도,거제시
677,거제장평도서관점,"경상남도 거제시 장평3로2길 7, (장평동)",055-635-2208,경상남도,거제시
678,거제장평스타점,"경상남도 거제시 장평1로16길 35, (장평동)",055-638-5011,경상남도,거제시
679,거제장평아네점,"경상남도 거제시 장평3로4길 40-1, (장평동)",055-633-0803,경상남도,거제시
680,거제장평점,"경상남도 거제시 장평3로 46, (장평동)",055-637-5242,경상남도,거제시
681,거제장평조은점,"경상남도 거제시 장평1로 132, (장평동)",055-633-7804,경상남도,거제시
682,거제중곡원룸점,"경상남도 거제시 중곡1로2길 14,  (고현동) 1층",055-633-7540,경상남도,거제시
683,거제중앙로점,"경상남도 거제시 거제중앙로 1719, (상동동)",055-637-9558,경상남도,거제시
684,거제지세포라티움점,경상남도 거제시 일운면 지세포해안로 100,055-681-5369,경상남도,거제시
685,거제지세포점,"경상남도 거제시 일운면 거제대로 2480, (지세포리)",055-681-8330,경상남도,거제시
686,거제학동몽돌점,"경상남도 거제시 동부면 거제대로 965, (학동리)",070-7761-5860,경상남도,거제시
687,거제학동바다점,"경상남도 거제시 동부면 학동4길 2, (학동리)",070-4412-3909,경상남도,거제시
688,거제한내공단점,"경상남도 거제시 연초면 연하해안로 842, (한내리)",055-634-2870,경상남도,거제시
689,거제해금강점,"경상남도 거제시 중곡로 15, (고현동)",055-637-8220,경상남도,거제시
690,거제현대점,"부산광역시 연제구 아시아드대로 46, (거제동)",051-501-1707,부산광역시,연제구
691,거제홈타운점,"부산광역시 연제구 법원북로 45, (거제동)",051-505-4586,부산광역시,연제구
692,거제힐스테이트점,"
","
",,
693,거진항점,"강원도 고성군 거진읍 거탄진로 191-1, (거진리)",033-682-1138,강원도,고성군
694,거창가조점,"경상남도 거창군 가조면 마상4길 91-2, (마상리)",055-943-9517,경상남도,거창군
695,거창강남로점,"경상남도 거창군 거창읍 강남로 256, (대평리) 코아루에듀시티모델하우스",055-945-0100,경상남도,거창군
696,거창궁전점,"경상남도 거창군 거창읍 거열로4길 82, (중앙리, 궁전) 1호",055-944-0994,경상남도,거창군
697,거창대동점,"경상남도 거창군 거창읍 거창대로 93, (대동리)",055-942-5589,경상남도,거창군
698,거창대로점,"경상남도 거창군 거창읍 상동2길 74, (상림리)",055-944-8544,경상남도,거창군
699,거창드림점,"경상남도 거창군 거창읍 중앙로 98-1, (상림리)",055-943-7036,경상남도,거창군
700,거창마리점,"경상남도 거창군 마리면 거안로 838, (말흘리)",055-942-4387,경상남도,거창군
701,거창상림점,"경상남도 거창군 거창읍 상동길 50, (상림리)",055-945-1559,경상남도,거창군
702,거창소만점, ,070-8770-3713,,
703,거창송정점,경상남도 거창군 거창읍 강남로 78 부농원 (송정리) 부농원,055-942-5512,경상남도,거창군
704,거창아림점,"경상남도 거창군 거창읍 거열로7길 43, 동 (상림리, 상동주공아파트) 1층 102호",055-943-8945,경상남도,거창군
705,거창창남점,"경상남도 거창군 거창읍 수남로 2270-7, (김천리)",055-944-2445,경상남도,거창군
706,건건E편한세상점,경기도 안산시 상록구 건건8길 10 건건E-편한세상아파트,031-437-2942,경기도,안산시
707,건국로드점,"
","
",,
708,건대대로점,서울특별시 광진구 아차산로 238,02-462-4836,서울특별시,광진구
709,건대로데오점,"서울특별시 광진구 동일로20길 44,  (자양동) 1층",02-463-1134,서울특별시,광진구
710,건대영존점,"서울특별시 광진구 능동로 110,  하(화양동) 1층",02-447-3033,서울특별시,광진구
711,건대원룸촌점,"서울특별시 광진구 아차산로41길 22,  (자양동) 1층",02-3437-3354,서울특별시,광진구
712,건대으뜸점,"충청북도 충주시 충열4길 6, (단월동)",043-845-0076,충청북도,충주시
713,건대정문점,"서울특별시 광진구 아차산로39길 28, (자양동)",02-458-0678,서울특별시,광진구
714,건대한림타워점,"서울특별시 광진구 아차산로 229, 한림타워  제(화양동)",02-2115-6500,서울특별시,광진구
715,건대화양점,"서울특별시 광진구 아차산로 241, (화양동)",02-461-4440,서울특별시,광진구
716,건대후문점,"서울특별시 광진구 광나루로24길 31-17, (화양동)",02-444-5060,서울특별시,광진구
717,건대힐스점,서울특별시 광진구 광나루로20길 13-10,02-453-0305,서울특별시,광진구
718,건양대경상학관점,"충청남도 논산시 대학로 121, (내동)",041-730-5290,충청남도,논산시
719,건양대대전점,"충청남도 논산시 대학로 121, (내동)",042-600-8884,충청남도,논산시
720,건양대명곡정보관점,"충청남도 논산시 대학로 121, (내동)",041-733-7570,충청남도,논산시
721,건양대생활관점,"충청남도 논산시 대학로 121, (내동)",041-730-5687,충청남도,논산시
722,건양대서천수련원점,"충청남도 논산시 대학로 121, (내동)",041-733-7570,충청남도,논산시
723,건양대의학공학관점,"충청남도 논산시 대학로 121, (내동)",041-730-5290,충청남도,논산시
724,건양대인문학관점,"충청남도 논산시 대학로 121, (내동)",041-730-5290,충청남도,논산시
725,건양병원점,"대전광역시 서구 관저동로 158, (관저동)",042-543-6301,대전광역시,서구
726,건천점,"경상북도 경주시 건천읍 단석로 2022, CU건천점  (건천리)",054-751-8446,경상북도,경주시
727,검단SK점,"인천광역시 서구 독정로 17 1층 상가동 101,102호",070-7760-0179,인천광역시,서구
728,검단노른자점,"인천광역시 서구 완정로 198, (마전동)",032-568-9979,인천광역시,서구
729,검단대림점,"인천광역시 서구 완정로165번안길 1, (왕길동)",032-567-7289,인천광역시,서구
730,검단더블유점,"인천광역시 서구 검단로 500, (마전동)",032,인천광역시,서구
731,검단동아점,"인천광역시 서구 완정로64번길 64, (마전동)",032-562-3423,인천광역시,서구
732,검단명인점,"인천광역시 서구 봉수대로 1542, (금곡동)",032-564-0224,인천광역시,서구
733,검단블루텍점,"인천광역시 서구 보듬로 158, 공장동 (오류동, 블루텍) 1층 142호",032-222-5142,인천광역시,서구
734,검단산업단지1호점,"인천광역시 서구 원당대로 91, (오류동)",032-563-7348,인천광역시,서구
735,검단산업제일점,"인천광역시 서구 검단천로356번길 5, 지케이에스  (오류동)",032-566-9623,인천광역시,서구
736,검단서해점,"인천광역시 서구 검단로529번길 21, (마전동)",032-564-6050,인천광역시,서구
737,검단신명점,"인천광역시 서구 봉수대로1440번길 29,  (왕길동, 신명스카이뷰드림) 1층",032-565-7808,인천광역시,서구
738,검단원룸점,인천광역시 서구 완정로156번안길 11,032-563-8932,인천광역시,서구
739,검단제이원점,"인천광역시 서구 완정로 179, 제이원검단메디컬프라자  (왕길동)",032-566-5398,인천광역시,서구
740,검단초교점,"인천광역시 서구 검단로623번길 17, 동인빌딩  (마전동)",032-569-0223,인천광역시,서구
741,검단탑병원점,"인천광역시 서구 청마로 17, 준성빌딩 (당하동) 102호",032-569-2529,인천광역시,서구
742,검단피오레점,"인천광역시 서구 완정로65번안길 10, 상가동  (마전동)",032-561-0019,인천광역시,서구
743,검단힐스테이트점,"인천광역시 서구 청마로 92, (당하동, 검단힐스테이트4차)",032-564-6145,인천광역시,서구
744,검배5단지점,경기도 구리시 벌말로 226 (수택동) 토평주공아파트 상가동 1층 103호,031-566-9422,경기도,구리시
745,검사빌리지점,"대구광역시 동구 동촌역사로4길 25(검사동,예그린) 예그린",080-80-3663,대구광역시,동구
746,검암1지구점,"인천광역시 서구 승학로483번길 5, (검암동)",032-566-0588,인천광역시,서구
747,검암2지구점,"인천광역시 서구 승학로 578, 준암프라자  (검암동)",032-567-3086,인천광역시,서구
748,검암세실리아점,"인천광역시 서구 승학로434번길 1, 신명프라자  (검암동)",032-566-4438,인천광역시,서구
749,검암엘레강스점,인천광역시 서구 승학로506번길 89,032-566-8034,인천광역시,서구
750,검암중앙점,"인천광역시 서구 허암길 5-13,  (검암동) 1층",032-563-6879,인천광역시,서구
751,격포로드점,"전라북도 부안군 변산면 격포로 196, 변산면  (격포리)",010-583-8046,전라북도,부안군
752,경기광주역점,경기도 광주시 역동로63번길 6,031-761-5649,경기도,광주시
753,경기광주휴게소상행선,경기도 광주시 곤지암읍 만삼로 211 _ 1층,031-8027-3945,경기도,광주시
754,경기광주휴게소하행선,경기도 광주시 곤지암읍 만삼로 270 _ 1층,031-8027-3940,경기도,광주시
755,경기대교육관1호점,"경기도 수원시 영통구 광교산로 154-42, 이의동경기대학교  미래관 교육관(이의동) 1층",031-252-1117,경기도,수원시
756,경기대교육관2호점,"경기도 수원시 영통구 광교산로 154-42, 이의동경기대학교  미래관 교육관(이의동) 1층",031-898-6568,경기도,수원시
757,경기대사거리점,"서울특별시 서대문구 경기대로 62,  (충정로2가) 2층",02-365-4097,서울특별시,서대문구
758,경기대학교점,"경기도 수원시 영통구 광교산로 154-42, 경기대학교 제복지관(이의동) 1층 1호",031-249-8797,경기도,수원시
759,경기대학교제2복지관,"경기도 수원시 영통구 광교산로 154-42, 경기대학교 내제복지관내(이의동)",031-241-9353,경기도,수원시
760,경기도청점,경기도 수원시 팔달구 팔달산로 89-41,031-243-1251,경기도,수원시
761,경기수정점,경기도 오산시 내삼미로 85 (수청동) ,000--0000,경기도,오산시
762,경남과기대생활관점,"경상남도 진주시 동진로 33, 경남과기대학 생생활관(칠암동) 1층 1호",055-752-5560,경상남도,진주시
763,경남과학기술대점,"경상남도 진주시 동진로 46, 학생생활관 관(칠암동) 1층 2호",055-755-6610,경상남도,진주시
764,경남대교육관점,"경상남도 창원시 마산합포구 경남대학로 7, 경남대학교  교육관(월영동)",055-242-8320,경상남도,창원시
765,경남대도서관점,"경상남도 창원시 마산합포구 경남대학로 7, 경남대학교  중앙도서관(월영동)",070-8838-5171,경상남도,창원시
766,경남대인문관점,"경상남도 창원시 마산합포구 경남대학로 7, 경남대학교  인문관 매점(월영동)",055-244-0887,경상남도,창원시
767,경남대한마관점,"
","
",,
768,경대대학로,"대구광역시 북구 대학로 145, (산격동)",053-951-1373,대구광역시,북구
769,경대정문점,"대구광역시 북구 대현로19길 86, (대현동)",053-958-0385,대구광역시,북구
770,경대후문점,"경상남도 진주시 가좌길 18,  (가좌동) 1층",055-757-6713,경상남도,진주시
771,경동사거리점,"서울특별시 동대문구 천호대로27길 73, (용두동)",02-959-2391,서울특별시,동대문구
772,경동시장점,"서울특별시 동대문구 왕산로 138-1, (용두동) 2호",02-963-0923,서울특별시,동대문구
773,경마공원점,"경상남도 김해시 가락대로 929-1, (수가동)",051-901-8488,경상남도,김해시
774,경북대병원본관점,"대구광역시 중구 동덕로 130, (삼덕동2가)",053-252-3137,대구광역시,중구
775,경북대북문점,"대구광역시 북구 대동로6길 39, (산격동)",053-939-1134,대구광역시,북구
776,경북대생활관점,"대구광역시 북구 대학로 80, 경북대생활관  (산격동)",053-956-8113,대구광역시,북구
777,경북대학교치과병원점,"대구광역시 중구 달구벌대로 2175, (삼덕동2가)",053-252-3138,대구광역시,중구
778,경북도청우방2호점,경상북도 예천군 호명면 검무로 17번지,070-7326-5252,경상북도,예천군
779,경북도청우방점,"경상북도 예천군 호명면 행복로 230, 우방아이유셀상가 1층 212동 105,106호",054-654-0024,경상북도,예천군
780,경북도청코아루점,경상북도 안동시 풍천면 천년숲동로 46,054-841-4811,경상북도,안동시
781,경산경안로점,경상북도 경산시 경안로 142,053-812-7525,경상북도,경산시
782,경산계양점,"경상북도 경산시 원효로28길 14, (계양동)",053-817-1538,경상북도,경산시
783,경산공단점,"경상북도 경산시 진량읍 공단9로 76, (신제리)",053-854-7729,경상북도,경산시
784,경산남매점,"경상북도 경산시 남매로6길 9 (상방동) 상방주공상가 103호, 104호",053-813-1675,경상북도,경산시
785,경산대동하나점,"경상북도 경산시 대동안길 9, (대동)",053-818-0668,경상북도,경산시
786,경산대평점,"경상북도 경산시 경안로65길 5, (대평동)",053-802-0039,경상북도,경산시
787,경산백천원룸점,"경상북도 경산시 경청로217길 13, (백천동)",053-811-7776,경상북도,경산시
788,경산볼파크점,"경상북도 경산시 진량읍 일연로 645, (선화리)",053-851-1171,경상북도,경산시
789,경산사동부영점,"경상북도 경산시 박물관로 11, (사동)",053-817-6228,경상북도,경산시
790,경산삼성현점,"경상북도 경산시 백양로33길 10, (사동)",053-817-3368,경상북도,경산시
791,경산삼풍점,"경상북도 경산시 삼풍로 22, (삼풍동)",053-802-0990,경상북도,경산시
792,경산상림점,"경상북도 경산시 진량읍 상림2길 13, (상림리)",053-856-3969,경상북도,경산시
793,경산신대부적지점,"경상북도 경산시 압량면 압독2로2길 33, (신대리)",053-817-8068,경상북도,경산시
794,경산신대원룸점,"경상북도 경산시 압량면 압독3로2길 3-12, (신대리)",053-801-0554,경상북도,경산시
795,경산역점,"경상북도 경산시 중앙로 2,  (사정동) 2층",053-813-4710,경상북도,경산시
796,경산옥산포스코점,"경상북도 경산시 삼성현로15길 24, (옥산동)",053-811-0622,경상북도,경산시
797,경산유스파점,경상북도 경산시 백천길 20,053-814-1675,경상북도,경산시
798,경산임당점,"경상북도 경산시 궁당로 51, (임당동)",053-818-8682,경상북도,경산시
799,경산정평현대점,"경상북도 경산시 강변서로51길 11, (정평동)",053-813-1611,경상북도,경산시
800,경산중방점,"경상북도 경산시 원효로7길 36, (중방동)",053-814-1438,경상북도,경산시
801,경산진명초원점,"경상북도 경산시 백양로 91 (사동, 초원파크) 초원파크",053-982-7777,경상북도,경산시
802,경산파크드림점,"경상북도 경산시 삼성현로91길 45, 113 사동2지구호(사동, 화성파크드림) 113동 7호",053-817-0630,경상북도,경산시
803,경산평사점,"경상북도 경산시 진량읍 대구대로60길 2, (내리리)",053-857-9427,경상북도,경산시
804,경산현대타운점,"경상북도 경산시 대학로 59-10, (정평동)",053-815-9996,경상북도,경산시
805,경상대공학관점,"경상남도 진주시 진주대로 501, (가좌동)",055-753-7830,경상남도,진주시
806,경상대느티마루점,"경상남도 진주시 진주대로 501, 경상대학교 가좌동  가6(가좌동) 900호",055-772-0955,경상남도,진주시
807,경상대생활관점,"경상남도 진주시 진주대로 501, 경상대학교 제BTL기숙사 가좌동(가좌동) 2호",055-584-6636,경상남도,진주시
808,경상대정문점,"경상남도 진주시 가좌안골길10번길 7,  (가좌동) 1층",055-762-3270,경상남도,진주시
809,경상대학교생활관점,"경상남도 진주시 진주대로 501, 경상대학교  기숙사(가좌동)",055-772-0946,경상남도,진주시
810,경상프라자점,"경상남도 진주시 진주대로 506, 경상프라자(가좌동) 1층 101호",055-761-9156,경상남도,진주시
811,경서1지구점,"인천광역시 서구 경서로 70, (경서동)",032-569-7460,인천광역시,서구
812,경서해피트리점,"인천광역시 서구 도요지로 188,  (경서동) 1층",032-566-7920,인천광역시,서구
813,경성대2호점,"부산광역시 남구 수영로325번길 11, (대연동, 마로니에타운)",051-628-1396,부산광역시,남구
814,경성대센츄리점,"부산광역시 남구 수영로 312, 센츄리시티오피스텔 21 대연동(대연동) 2층 203동 1호",051-610-0770,부산광역시,남구
815,경성부경점,"부산광역시 남구 용소로7번길 6, (대연동)",051-621-4542,부산광역시,남구
816,경성점,"대구광역시 동구 동부로26길 28, (신천동)",053-751-3749,대구광역시,동구
817,경성큰마을점,"대전광역시 서구 대덕대로162번길 43, (갈마동) 110호",042-534-1777,대전광역시,서구
818,경암대로점,"전라북도 군산시 구암31로 88, (경암동)",070-8808-5565,전라북도,군산시
819,경운대생활관앞점,경상북도 구미시 산동면 강동로 724-1,054-476-0416,경상북도,구미시
820,경원대점,"경기도 성남시 수정구 성남대로 1334, 경원프라자  (태평동)",031-757-0703,경기도,성남시
821,경인교대S역점,"인천광역시 계양구 계양대로 162, 경인교대역  (계산동)",032-541-4159,인천광역시,계양구
822,경인교대문화점,"인천광역시 계양구 향교로 28, (계산동, 청호탑스빌)",032-548-5529,인천광역시,계양구
823,경인교대안양캠퍼스점,"경기도 안양시 만안구 삼막로 155, 학생회관  (석수동)",031-470-6044,경기도,안양시
824,경인교대역점,"인천광역시 계양구 계양대로 156,  (계산동) 1층",032-543-8691,인천광역시,계양구
825,경인교대인천캠퍼스점,"인천광역시 계양구 계산로 62, 학생서비스센터  경인교육대학교(계산동)",032-540-1414,인천광역시,계양구
826,경인드림점,인천광역시 계양구 계양산로 52,032-552-9246,인천광역시,계양구
827,경장장미점,"전라북도 군산시 번영로 20, (경장동)",063-446-3356,전라북도,군산시
828,경주강동점,"경상북도 경주시 강동면 강동로 14, (인동리)",054-762-9998,경상북도,경주시
829,경주건천선덕점,"경상북도 경주시 건천읍 작원3길 39, (건천리)",054-753-9036,경상북도,경주시
830,경주구어2산단점,경상북도 경주시 외동읍 구어2산단로5길 63,054-742-6989,경상북도,경주시
831,경주냉천공단점,"경상북도 경주시 외동읍 내외로 265, (냉천리)",054-777-2037,경상북도,경주시
832,경주노동점,"경상북도 경주시 원효로 100, (노동동)",054-744-5554,경상북도,경주시
833,경주노서점,"경상북도 경주시 금성로259번길 38, (노서동)",054-745-3140,경상북도,경주시
834,경주노서중앙점,"경상북도 경주시 원효로 28, (노서동)",054-771-2036,경상북도,경주시
835,경주뉴건천원룸점,"
","
",,
836,경주대학교점,"경상북도 경주시 태종로 188, (효현동)",054-770-5251,경상북도,경주시
837,경주대학로점,"경상북도 경주시 한빛길10번길 27, (성건동)",054-742-9774,경상북도,경주시
838,경주동국대복지관점,"경상북도 경주시 동대로 123, 동국대학 외필지 생회관(석장동) 6호",054-771-2780,경상북도,경주시
839,경주동국대점,"경상북도 경주시 석장1길 1, (석장동)",054-742-7656,경상북도,경주시
840,경주동산법원점,"경상북도 경주시 화랑로 83-1,  (서부동)",054-775-0376,경상북도,경주시
841,경주동천선덕2호점,"경상북도 경주시 동천로 52, (동천동)",054-773-9036,경상북도,경주시
842,경주동천선덕점,"경상북도 경주시 탈해로 27, (동천동)",054-771-9036,경상북도,경주시
843,경주동천우방점,"경상북도 경주시 소금강로 54,  (동천동, 경주우방타운) 1층 213동",054-749-5959,경상북도,경주시
844,경주동천점,"경상북도 경주시 백률로 34, (동천동)",054-772-7759,경상북도,경주시
845,경주동천중앙점,"경상북도 경주시 초당길159번길 15, (동천동)",054-776-0097,경상북도,경주시
846,경주모화점,"경상북도 경주시 외동읍 모화남2길 7-1, (모화리)",054-777-3337,경상북도,경주시
847,경주문산공단점,"경상북도 경주시 외동읍 문산공단길 120, (문산리)",054-745-4915,경상북도,경주시
848,경주문산로드점,경상북도 경주시 외동읍 문산리 251번지,054-748-4668,경상북도,경주시
849,경주불국사입구점, ,054-745-6122,,
850,경주불국사점,"경상북도 경주시 산업로 3004, (시래동)",054-775-0092,경상북도,경주시
851,경주불국역점,"경상북도 경주시 산업로 3034, (구정동)",054-743-1578,경상북도,경주시
852,경주삼환나우빌점,"경상북도 경주시 다불로 49, 삼환나우빌(용강동, 삼환나우빌)",054-741-2273,경상북도,경주시
853,경주석계공단점,"경상북도 경주시 외동읍 석계산업단지길 57-27, (석계리)",054-746-1922,경상북도,경주시
854,경주석장점,"경상북도 경주시 석장1길 26-13, (석장동)",054-746-2428,경상북도,경주시
855,경주성건봉황로점,"경상북도 경주시 금성로368번길 31, 상건물  (성건동) 1층",054-744-4474,경상북도,경주시
856,경주성건원룸점,경상북도 경주시 봉황로 175,054-744-6343,경상북도,경주시
857,경주성건화랑점,"경상북도 경주시 화랑로49번길 15, (성건동)",054-777-5665,경상북도,경주시
858,경주시래그린점,"경상북도 경주시 구매3길 22, (시래동)",054-742-1053,경상북도,경주시
859,경주시래불국점,"경상북도 경주시 구매2길 35-23, (시래동)",054-777-1838,경상북도,경주시
860,경주시래센터점,"경상북도 경주시 구매1길 21-12, (시래동)",054-743-0724,경상북도,경주시
861,경주아화터미널점,"경상북도 경주시 서면 내서로 432, (아화리)",054-751-6644,경상북도,경주시
862,경주양정로점,경상북도 경주시 양정로 344 성훈빌딩,054-741-2827,경상북도,경주시
863,경주역점,"경상북도 경주시 원화로 260, 필지(황오동)",054-746-3140,경상북도,경주시
864,경주외동연안점,"경상북도 경주시 외동읍 산업로 2442, (연안리)",054-772-3739,경상북도,경주시
865,경주외동점,"경상북도 경주시 외동읍 입실로 67,  (입실리) 1층",054-776-7686,경상북도,경주시
866,경주외동천마점,"경상북도 경주시 외동읍 산업로 2106, (구어리)",054-745-0262,경상북도,경주시
867,경주용강주공점,"경상북도 경주시 승삼1길 27, (용강동)",070-4111-0217,경상북도,경주시
868,경주용황점, ,054-775-5336,,
869,경주입실원룸점,"
","
",,
870,경주입실점,"경상북도 경주시 외동읍 입실로2길 23, (입실리)",054-749-9969,경상북도,경주시
871,경주정일문산점,경상북도 경주시 외동읍 관문로 1246,054-773-0929,경상북도,경주시
872,경주천북산단점,"경상북도 경주시 천북면 천북산단로 155, (오야리)",054-744-5321,경상북도,경주시
873,경주천북점,경상북도 경주시 천북면 동산3길 1-1,054,경상북도,경주시
874,경주초당마을점,"경상북도 경주시 초당길19번길 29, (동천동)",054-772-0724,경상북도,경주시
875,경주하나점,"경상북도 경주시 원효로 178, (황오동)",054-749-0338,경상북도,경주시
876,경주현곡새한점,"경상북도 경주시 현곡면 안현로 68-7, (금장리, 새한센시빌)",054-771-4613,경상북도,경주시
877,경주현곡점,"경상북도 경주시 현곡면 안현로 19-11, (금장리, 금성로얄)",054-772-2279,경상북도,경주시
878,경주황성공원점,경상북도 경주시 백률로 7 경주푸르지오,054-777-6343,경상북도,경주시
879,경주황성대로점,"경상북도 경주시 용담로 84, (황성동)",054-741-2336,경상북도,경주시
880,경주황성점,"경상북도 경주시 황성로27번길 2,  (황성동) 1층",054-741-0089,경상북도,경주시
881,경주황성중앙점,"경상북도 경주시 원지길12번길 39,  (황성동, 성호마루한)",054-741-8055,경상북도,경주시
882,경주황오사랑점,"경상북도 경주시 계림로 110-1, (황오동)",054-777-5192,경상북도,경주시
883,경포공원점,"강원도 강릉시 해안로 557, (안현동)",033-644-7882,강원도,강릉시
884,경포비치점,"강원도 강릉시 해안로 501, (안현동)",033-644-9322,강원도,강릉시
885,경포스카이베이점, ,033-645-4990,,
886,경포하나점,"강원도 강릉시 해안로 513, (안현동)",033-644-2585,강원도,강릉시
887,경희궁자이점,"서울특별시 종로구 통일로 168-1, 일원  (교남동)",02-730-8445,서울특별시,종로구
888,경희궁자이행복점,서울특별시 종로구 경교장1길 20-1,02-725-7712,서울특별시,종로구
889,경희대로점,"경기도 수원시 영통구 덕영대로 1689, (영통동)",031-202-5887,경기도,수원시
890,경희대점,서울특별시 동대문구 경희대로4길 15,02-966-1891,서울특별시,동대문구
891,경희대정문점,"경기도 수원시 영통구 덕영대로 1707, (영통동)",031-205-9094,경기도,수원시
892,경희스타점,"서울특별시 동대문구 경희대로3길 38, (회기동)",02-959-4818,서울특별시,동대문구
893,경희원룸점,"서울특별시 동대문구 회기로18길 12, (회기동)",02-966-5656,서울특별시,동대문구
894,계동현대점,"서울특별시 종로구 계동길 23,  (계동) 1층",02-741-6515,서울특별시,종로구
895,계룡두마점,"충청남도 계룡시 엄사면 번영3길 73-17, (엄사리)",042-841-4321,충청남도,계룡시
896,계룡엄사타운점,"충청남도 계룡시 엄사면 번영로 55, (엄사리)",042-551-2567,충청남도,계룡시
897,계룡점,"충청남도 계룡시 서금암3길 5, (금암동) 쉐리움",010-9412-4551,충청남도,계룡시
898,계림성공점,광주광역시 동구 중흥로227번길 18,062-222-7532,광주광역시,동구
899,계림신화점,"광주광역시 동구 무등로307번길 9, (계림동)",062-521-9245,광주광역시,동구
900,계산그랜드점,"인천광역시 계양구 주부토로 581,  (계산동) 1층",032-549-3614,인천광역시,계양구
901,계산삼보점,"인천광역시 계양구 주부토로 530, (계산동)",032-545-0564,인천광역시,계양구
902,계산에이스점,"인천광역시 계양구 계양대로 214, 예이스타운 (계산동) 1층 101호",032-548-5430,인천광역시,계양구
903,계산열망점,"인천광역시 계양구 주부토로 507, (계산동) 3호",032-549-1273,인천광역시,계양구
904,계산제일점,인천광역시 계양구 경명대로1079번길 6-1,032-544-8468,인천광역시,계양구
905,계산태양점,인천광역시 계양구 경명대로 1017 창선1빌딩,032-541-1627,인천광역시,계양구
906,계산태평점,"인천광역시 계양구 용종로 14, 태평아파트 상가(계산동) 115호",032-552-7265,인천광역시,계양구
907,계산하나점,"인천광역시 계양구 경명대로1114번길 21,  (계산동)",032-542-5789,인천광역시,계양구
908,계산하이베라스점,인천광역시 계양구 계산새로 71 하이베라스빌딩,032-543-2652,인천광역시,계양구
909,계양구청점,"인천광역시 계양구 오조산로45번길 7, (계산동)",032-541-6042,인천광역시,계양구
910,계양대로점,"인천광역시 계양구 장제로 717, (작전동)",032-549-9373,인천광역시,계양구
911,계양맘모스점,"인천광역시 계양구 도두리로 14, 맘모스타운  (작전동)",032-556-1278,인천광역시,계양구
912,계양미림점,"인천광역시 계양구 계양대로119번길 10, (작전동) 1층 4,5호",032-552-3470,인천광역시,계양구
913,계양박촌점,"인천광역시 계양구 장제로1009번길 1, (박촌동)",032-545-8321,인천광역시,계양구
914,계양작전점,인천광역시 계양구 주부토로425번길 16,032-552-0529,인천광역시,계양구
915,계양장기점,"인천광역시 계양구 황어로134번길 11, (장기동)",032-552-2058,인천광역시,계양구
916,계양초정점,"인천광역시 계양구 계양문화로 140, 상가동  (용종동)",070-8870-5025,인천광역시,계양구
917,계양코아루점, ,032-545-5276,,
918,계양한미리점,"인천광역시 계양구 오조산로 3, 한미리빌딩 (작전동)",032-547-9170,인천광역시,계양구
919,계양한일점,"인천광역시 계양구 임학안로 29,  (임학동, 한일) 1층 3동",032-549-8073,인천광역시,계양구
920,계양효성점,"인천광역시 계양구 안남로573번길 5, (효성동)",032-549-9511,인천광역시,계양구
921,고강가족점,경기도 부천시 고리울로74번길 29,032-673-6723,경기도,부천시
922,고강대로점,경기도 부천시 오정구 역곡로 507,032-679-6163,경기도,부천시
923,고강삼원점,"경기도 부천시 오정구 고리울로8번길 29, (고강동)",032-683-0905,경기도,부천시
924,고강성미점,"경기도 부천시 오정구 역곡로504번길 31, 맨션(고강동, 태백5차맨션)",032-673-6163,경기도,부천시
925,고강으뜸점,경기도 부천시 오정구 고리울로51번길 20,032-676-7890,경기도,부천시
926,고대1호점,"서울특별시 동대문구 안암로 156, (제기동)",02-928-2288,서울특별시,동대문구
927,고대구로병원1호점,"서울특별시 구로구 구로동로 148, 구로병원  (구로동)",02-852-5554,서울특별시,구로구
928,고대구로병원2호점,"서울특별시 구로구 가마산로 218, 고려구  로2빌딩(구로동)",02-853-5554,서울특별시,구로구
929,고대동문점,"
","
",,
930,고대민주광장점,"서울특별시 성북구 인촌로 113, 인촌  지 로1빌딩(안암동5가) 1층",02-925-1110,서울특별시,성북구
931,고대산학관점,"
","
",,
932,고대안산병원점,"경기도 안산시 단원구 적금로 123, (고잔동)",031-482-1116,경기도,안산시
933,고대어진재점,"서울특별시 동대문구 회기로 14, (제기동, 어진재) 101호",02-3291-3337,서울특별시,동대문구
934,고대중앙광장점,"서울특별시 성북구 안암로 145, 고려대학교 중앙광장(안암동5가) 109호",02-924-3339,서울특별시,성북구
935,고대호랑이점,"서울특별시 성북구 인촌로 76, (안암동5가)",02-928-8767,서울특별시,성북구
936,고덕2단지점,"서울특별시 강동구 고덕로 427, (강일동, 고덕리엔파크2단지) 1층 104호",02-427-7573,서울특별시,강동구
937,고덕동남점,"서울특별시 강동구 동남로81길 20, (고덕동)",02-429-7587,서울특별시,강동구
938,고덕래미안점,"
","
",,
939,고덕에이스점,"서울특별시 강동구 상일로25길 7, (고덕동)",02-481-0912,서울특별시,강동구
940,고덕한빛주유소점,"충청남도 예산군 고덕면 황금뜰로 346, (석곡리)",041-338-1159,충청남도,예산군
941,고려대안암병원점,"서울특별시 성북구 인촌로 73, 고려대의료원  안암병원(안암동5가) 2층",02-922-2228,서울특별시,성북구
942,고려신학대학원점,"충청남도 천안시 동남구 충절로 535-31, (삼룡동)",041-577-7667,충청남도,천안시
943,고령점,"경상북도 고령군 고령읍 연조길 2, (쾌빈리)",054-954-0639,경상북도,고령군
944,고리원전점,"부산광역시 기장군 장안읍 해맞이로 432, (길천리)",051-727-3313,부산광역시,기장군
945,고성102기갑여단점,강원도 고성군 토성면 고성대로 415,033,강원도,고성군
946,고성교암해변점,"
","
",,
947,고성금강점,"경상남도 고성군 고성읍 성내로 51-2, (서외리)",055-674-4446,경상남도,고성군
948,고성남포점,"경상남도 고성군 고성읍 남포로58번길 4, (수남리)",055-673-9833,경상남도,고성군
949,고성대웅점,"경상남도 고성군 고성읍 동외로156번길 23, (동외리)",055-673-2895,경상남도,고성군
950,고성동외타운점, ,055-673-6543,,
951,고성동해점,"경상남도 고성군 동해면 조선특구로 2047-3, (내산리)",055-673-8347,경상남도,고성군
952,고성동해특구점,"경상남도 고성군 동해면 조선특구로 626-7, (장좌리)",055-672-5916,경상남도,고성군
953,고성명성점,"경상남도 고성군 고성읍 성내로 152, (동외리)",055-673-7046,경상남도,고성군
954,고성바다풍경점,강원도 고성군 토성면 토성로 85 바다풍경마트,033-633-7282,강원도,고성군
955,고성배둔터미널점,"경상남도 고성군 회화면 배둔로 8-12, (배둔리)",055-674-1789,경상남도,고성군
956,고성봉포점,"강원도 고성군 토성면 토성로 56, (봉포리)",033-632-2178,강원도,고성군
957,고성송학점,"경상남도 고성군 고성읍 송학로 157, (송학리)",055-674-5446,경상남도,고성군
958,고성점,"경상남도 고성군 고성읍 성내로 137, (성내리) 철성상가",055-674-6736,경상남도,고성군
959,고성제일리버스점,"경상남도 고성군 고성읍 월평로 147, (율대리)",055-673-6185,경상남도,고성군
960,고성죽왕백도점,"강원도 고성군 죽왕면 동해대로 5582, 죽왕면  (문암진리) 1층",070-7711-2155,강원도,고성군
961,고성죽왕점,"강원도 고성군 죽왕면 동해대로 5895, (오호리)",033-632-0023,강원도,고성군
962,고성천진굿모닝점,"
","
",,
963,고성청간점,"강원도 고성군 토성면 동해대로 5138, (청간리)",033-631-7266,강원도,고성군
964,고성청간해변점,강원도 고성군 토성면 아야진해변길 16,033-764-9802,강원도,고성군
965,고성코아루점, ,055-674-8315,,
966,고성하늘점,"경상남도 고성군 거류면 거류로 614, (신용리)",055-672-0609,경상남도,고성군
967,고성하이점,"경상남도 고성군 하이면 남일로 427-1, 우측칸  (덕호리)",055-832-5235,경상남도,고성군
968,고성한솔점,"경상남도 고성군 고성읍 송학로 135, (송학리)",055-673-5446,경상남도,고성군
969,고성해피점,"경상남도 고성군 고성읍 동외로151번길 19, 경상남도고성군  (동외리)",055-674-0453,경상남도,고성군
970,고성흑룡점,"경상남도 고성군 고성읍 남포로80번길 14-3, (수남리)",055-672-7931,경상남도,고성군
971,고시점,"전라북도 전주시 덕진구 팔달로 356, (진북동)",063-255-2590,전라북도,전주시
972,고신대도서관점,"
","
",,
973,고양SK섬마을점,경기도 고양시 덕양구 호수로 235,031-970-5189,경기도,고양시
974,고양가좌점,경기도 고양시 일산서구 덕산로 98,010-3903-8056,경기도,고양시
975,고양관산점,"경기도 고양시 덕양구 통일로 760, (관산동, 더퍼스트프라임) 178호",031-969-9658,경기도,고양시
976,고양구산점,"경기도 고양시 일산서구 곳산길 170-1, (구산동)",031-923-9353,경기도,고양시
977,고양덕은점,"경기도 고양시 덕양구 덕은로 36, (덕은동)",02-3159-8382,경기도,고양시
978,고양동산점,경기도 고양시 덕양구 동산2로 39,02-381-4533,경기도,고양시
979,고양동익점,경기도 고양시 덕양구 푸른마을로 6 고양EPLAZA,031-963-3091,경기도,고양시
980,고양동푸른마을점,"경기도 고양시 덕양구 푸른마을로 54, (고양동, 푸른마을4단지)",031-969-7001,경기도,고양시
981,고양문봉점,경기도 고양시 일산동구 성현로 321,031-976-2842,경기도,고양시
982,고양박재궁점,"경기도 고양시 덕양구 마상로63번길 14-1, (주교동, 현대상가주택) 1층 101호",031-963-8466,경기도,고양시
983,고양벽제플러스점,"경기도 고양시 덕양구 보광로 18, (고양동)",031-965-5810,경기도,고양시
984,고양사리현점,경기도 고양시 일산동구 공릉천로 24,031-965-0132,경기도,고양시
985,고양산들점,"경기도 고양시 일산서구 고양대로 719-13, (일산동)",010-6876-2511,경기도,고양시
986,고양삼송18단지점,"
","
",,
987,고양삼송로점,경기도 고양시 덕양구 삼송로 172,02-371-0616,경기도,고양시
988,고양성석시티점, ,031-977-4401,,
989,고양스위트점,"경기도 고양시 덕양구 의장로 29-43,  (도내동) 1층",031-968-8264,경기도,고양시
990,고양신원점,"경기도 고양시 덕양구 신원로2길 38-16,  (신원동)",02-371-0686,경기도,고양시
991,고양어울림누리점,"경기도 고양시 덕양구 어울림로 33, (성사동)",031-967-1580,경기도,고양시
992,고양예고후문점,"경기도 고양시 일산서구 장자길 74, 하이스타빌딩  (덕이동)",031-913-4064,경기도,고양시
993,고양우리점,"경기도 고양시 덕양구 읍내로 85, (고양동)",031-967-1201,경기도,고양시
994,고양원마운트점,"경기도 고양시 일산서구 한류월드로 300, (대화동)",031-961-6565,경기도,고양시
995,고양점,"경기도 고양시 덕양구 혜음로 35, (고양동)",031-964-9306,경기도,고양시
996,고양중산점,"경기도 고양시 일산동구 성석로 60, 중산동 (중산동)",031-975-0174,경기도,고양시
997,고양토당점,"경기도 고양시 덕양구 행당로 1, 신명빌딩  (토당동) 1층",031-972-4583,경기도,고양시
998,고양풍동제일점,경기도 고양시 일산동구 숲속마을2로 59,031-908-9085,경기도,고양시
999,고양현대점,"경기도 고양시 덕양구 혜음로 9, (고양동)",031-963-6216,경기도,고양시
